snapshot_date,store_id,sku_id,floor_qty,backroom_qty,system_on_hand_qty,store_name,chip_label,region,city,lat,lon,sku_name,category,subcategory,is_in_assortment,is_shelf_gap,is_phantom,is_backroom_rescue,floor_share,backroom_share,exception_type,action_label
2026-09-09,101,118634,12.0,28.0,40.0,warehouse_1,warehouse_1,Northeast,"Everett, MA",42.402137,-71.069774,Bottled Water 40pk,Grocery,Beverages,1,0,0,0,0.3,0.7,ok,
2026-09-09,101,184220,3.0,18.0,21.0,warehouse_1,warehouse_1,Northeast,"Everett, MA",42.402137,-71.069774,Paper Towels 12pk,Household,Paper,1,0,0,0,0.1429,0.8571,ok,
2026-09-09,101,551902,15.0,16.0,31.0,warehouse_1,warehouse_1,Northeast,"Everett, MA",42.402137,-71.069774,Rotisserie Chicken,Deli,Prepared,1,0,0,0,0.4839,0.5161,ok,
2026-09-09,101,774015,9.0,8.0,17.0,warehouse_1,warehouse_1,Northeast,"Everett, MA",42.402137,-71.069774,AA Batteries 48ct,GM,Electronics,1,0,0,0,0.5294,0.4706,ok,
2026-09-09,101,445880,10.0,19.0,29.0,warehouse_1,warehouse_1,Northeast,"Everett, MA",42.402137,-71.069774,Laundry Detergent 2pk,Household,Laundry,1,0,0,0,0.3448,0.6552,ok,
2026-09-09,101,229045,3.0,3.0,6.0,warehouse_1,warehouse_1,Northeast,"Everett, MA",42.402137,-71.069774,Chicken Breast Family Pack,Meat,Chicken,1,0,0,0,0.5,0.5,ok,
2026-09-09,101,667301,16.0,0.0,16.0,warehouse_1,warehouse_1,Northeast,"Everett, MA",42.402137,-71.069774,Diapers Size 4,Baby,Diapers,1,0,0,0,1.0,0.0,ok,
2026-09-09,101,330112,16.0,11.0,27.0,warehouse_1,warehouse_1,Northeast,"Everett, MA",42.402137,-71.069774,Whole Milk Gallon,Dairy,Milk,1,0,0,0,0.5926,0.4074,ok,
2026-09-09,101,330118,9.0,25.0,34.0,warehouse_1,warehouse_1,Northeast,"Everett, MA",42.402137,-71.069774,Greek Yogurt 12ct,Dairy,Yogurt,1,0,0,0,0.2647,0.7353,ok,
2026-09-09,101,441201,8.0,19.0,27.0,warehouse_1,warehouse_1,Northeast,"Everett, MA",42.402137,-71.069774,Copy Paper 5-Ream,Office,Paper,1,0,0,0,0.2963,0.7037,ok,
2026-09-09,101,118640,14.0,18.0,32.0,warehouse_1,warehouse_1,Northeast,"Everett, MA",42.402137,-71.069774,Sparkling Water 24pk,Grocery,Beverages,1,0,0,0,0.4375,0.5625,ok,
2026-09-09,101,118655,14.0,30.0,44.0,warehouse_1,warehouse_1,Northeast,"Everett, MA",42.402137,-71.069774,Trail Mix Value Pack,Grocery,Snacks,1,0,0,0,0.3182,0.6818,ok,
2026-09-09,101,184230,13.0,18.0,31.0,warehouse_1,warehouse_1,Northeast,"Everett, MA",42.402137,-71.069774,Toilet Paper 30ct,Household,Paper,1,0,0,0,0.4194,0.5806,ok,
2026-09-09,101,184240,8.0,22.0,30.0,warehouse_1,warehouse_1,Northeast,"Everett, MA",42.402137,-71.069774,Disinfecting Wipes 3pk,Household,Cleaning,1,0,0,0,0.2667,0.7333,ok,
2026-09-09,101,551910,17.0,21.0,38.0,warehouse_1,warehouse_1,Northeast,"Everett, MA",42.402137,-71.069774,Macaroni Salad Tub,Deli,Sides,1,0,0,0,0.4474,0.5526,ok,
2026-09-09,101,551920,8.0,25.0,33.0,warehouse_1,warehouse_1,Northeast,"Everett, MA",42.402137,-71.069774,Turkey Club Sandwich,Deli,Prepared,1,0,0,0,0.2424,0.7576,ok,
2026-09-09,101,774020,19.0,6.0,25.0,warehouse_1,warehouse_1,Northeast,"Everett, MA",42.402137,-71.069774,HDMI Cable 2-Pack,GM,Electronics,1,0,0,0,0.76,0.24,ok,
2026-09-09,101,774030,5.0,3.0,8.0,warehouse_1,warehouse_1,Northeast,"Everett, MA",42.402137,-71.069774,Phone Charger Kit,GM,Electronics,1,0,0,0,0.625,0.375,ok,
2026-09-09,101,445890,21.0,8.0,29.0,warehouse_1,warehouse_1,Northeast,"Everett, MA",42.402137,-71.069774,Dryer Sheets 240ct,Household,Laundry,1,0,0,0,0.7241,0.2759,ok,
2026-09-09,101,229050,11.0,26.0,37.0,warehouse_1,warehouse_1,Northeast,"Everett, MA",42.402137,-71.069774,Chicken Breast Tray,Meat,Poultry,1,0,0,0,0.2973,0.7027,ok,
2026-09-09,101,229060,6.0,11.0,17.0,warehouse_1,warehouse_1,Northeast,"Everett, MA",42.402137,-71.069774,Atlantic Salmon 2pk,Meat,Seafood,1,0,0,0,0.3529,0.6471,ok,
2026-09-09,101,667310,20.0,9.0,29.0,warehouse_1,warehouse_1,Northeast,"Everett, MA",42.402137,-71.069774,Baby Wipes Soft Pack,Baby,Wipes,1,0,0,0,0.6897,0.3103,ok,
2026-09-09,101,667320,17.0,17.0,34.0,warehouse_1,warehouse_1,Northeast,"Everett, MA",42.402137,-71.069774,Infant Formula Can,Baby,Formula,1,0,0,0,0.5,0.5,ok,
2026-09-09,101,330120,7.0,3.0,10.0,warehouse_1,warehouse_1,Northeast,"Everett, MA",42.402137,-71.069774,Butter Quarters 4pk,Dairy,Butter,1,0,0,0,0.7,0.3,ok,
2026-09-09,101,441210,6.0,22.0,28.0,warehouse_1,warehouse_1,Northeast,"Everett, MA",42.402137,-71.069774,Ballpoint Pens 60ct,Office,Writing,1,0,0,0,0.2143,0.7857,ok,
2026-09-09,101,441220,18.0,7.0,25.0,warehouse_1,warehouse_1,Northeast,"Everett, MA",42.402137,-71.069774,Sticky Notes Value,Office,Supplies,1,0,0,0,0.72,0.28,ok,
2026-09-09,101,990101,7.0,29.0,36.0,warehouse_1,warehouse_1,Northeast,"Everett, MA",42.402137,-71.069774,Bananas Club Bunch,Produce,Fruit,1,0,0,0,0.1944,0.8056,ok,
2026-09-09,101,990110,6.0,30.0,36.0,warehouse_1,warehouse_1,Northeast,"Everett, MA",42.402137,-71.069774,Bag Bag 5lb,Produce,Fruit,1,0,0,0,0.1667,0.8333,ok,
2026-09-09,101,990120,17.0,1.0,18.0,warehouse_1,warehouse_1,Northeast,"Everett, MA",42.402137,-71.069774,Romaine Hearts 3pk,Produce,Veg,1,0,0,0,0.9444,0.0556,ok,
2026-09-09,101,118670,15.0,0.0,15.0,warehouse_1,warehouse_1,Northeast,"Everett, MA",42.402137,-71.069774,Pasta Sauce Twin Pack,Grocery,Pantry,1,0,0,0,1.0,0.0,ok,
2026-09-09,101,118680,0.0,29.0,41.0,warehouse_1,warehouse_1,Northeast,"Everett, MA",42.402137,-71.069774,Olive Oil 2L,Grocery,Pantry,1,1,1,1,0.0,1.0,phantom+rescue,Floor pull · recount
2026-09-09,101,184250,4.0,17.0,21.0,warehouse_1,warehouse_1,Northeast,"Everett, MA",42.402137,-71.069774,Trash Bags 100ct,Household,Cleaning,1,0,0,0,0.1905,0.8095,ok,
2026-09-09,101,774040,17.0,23.0,40.0,warehouse_1,warehouse_1,Northeast,"Everett, MA",42.402137,-71.069774,LED Bulbs 8pk,GM,Home,1,0,0,0,0.425,0.575,ok,
2026-09-09,101,551930,0.0,32.0,47.0,warehouse_1,warehouse_1,Northeast,"Everett, MA",42.402137,-71.069774,Potato Salad Tub,Deli,Sides,1,1,1,1,0.0,1.0,phantom+rescue,Floor pull · recount
2026-09-09,101,229070,5.0,8.0,13.0,warehouse_1,warehouse_1,Northeast,"Everett, MA",42.402137,-71.069774,Salmon Fillet Pack,Meat,Seafood,1,0,0,0,0.3846,0.6154,ok,
2026-09-09,101,330130,9.0,24.0,33.0,warehouse_1,warehouse_1,Northeast,"Everett, MA",42.402137,-71.069774,Shredded Cheese 2lb,Dairy,Cheese,1,0,0,0,0.2727,0.7273,ok,
2026-09-09,101,667330,12.0,6.0,18.0,warehouse_1,warehouse_1,Northeast,"Everett, MA",42.402137,-71.069774,Toddler Snacks Box,Baby,Food,1,0,0,0,0.6667,0.3333,ok,
2026-09-09,101,441230,0.0,0.0,0.0,warehouse_1,warehouse_1,Northeast,"Everett, MA",42.402137,-71.069774,Binder Clips Assort,Office,Supplies,1,1,0,0,,,true_out,Replenish / order
2026-09-09,101,990130,20.0,26.0,46.0,warehouse_1,warehouse_1,Northeast,"Everett, MA",42.402137,-71.069774,Blueberries Pint,Produce,Fruit,1,0,0,0,0.4348,0.5652,ok,
2026-09-09,101,118690,6.0,13.0,19.0,warehouse_1,warehouse_1,Northeast,"Everett, MA",42.402137,-71.069774,Coffee Pods 100ct,Grocery,Beverages,1,0,0,0,0.3158,0.6842,ok,
2026-09-09,102,118634,0.0,36.0,46.0,warehouse_2,warehouse_2,Northeast,"Dedham, MA",42.231627,-71.176682,Bottled Water 40pk,Grocery,Beverages,1,1,1,1,0.0,1.0,phantom+rescue,Floor pull · recount
2026-09-09,102,184220,16.0,26.0,42.0,warehouse_2,warehouse_2,Northeast,"Dedham, MA",42.231627,-71.176682,Paper Towels 12pk,Household,Paper,1,0,0,0,0.381,0.619,ok,
2026-09-09,102,551902,5.0,22.0,27.0,warehouse_2,warehouse_2,Northeast,"Dedham, MA",42.231627,-71.176682,Rotisserie Chicken,Deli,Prepared,1,0,0,0,0.1852,0.8148,ok,
2026-09-09,102,774015,10.0,17.0,27.0,warehouse_2,warehouse_2,Northeast,"Dedham, MA",42.231627,-71.176682,AA Batteries 48ct,GM,Electronics,1,0,0,0,0.3704,0.6296,ok,
2026-09-09,102,445880,16.0,9.0,25.0,warehouse_2,warehouse_2,Northeast,"Dedham, MA",42.231627,-71.176682,Laundry Detergent 2pk,Household,Laundry,1,0,0,0,0.64,0.36,ok,
2026-09-09,102,229045,20.0,19.0,39.0,warehouse_2,warehouse_2,Northeast,"Dedham, MA",42.231627,-71.176682,Chicken Breast Family Pack,Meat,Chicken,1,0,0,0,0.5128,0.4872,ok,
2026-09-09,102,667301,12.0,3.0,15.0,warehouse_2,warehouse_2,Northeast,"Dedham, MA",42.231627,-71.176682,Diapers Size 4,Baby,Diapers,1,0,0,0,0.8,0.2,ok,
2026-09-09,102,330112,0.0,0.0,0.0,warehouse_2,warehouse_2,Northeast,"Dedham, MA",42.231627,-71.176682,Whole Milk Gallon,Dairy,Milk,1,1,0,0,,,true_out,Replenish / order
2026-09-09,102,330118,20.0,23.0,43.0,warehouse_2,warehouse_2,Northeast,"Dedham, MA",42.231627,-71.176682,Greek Yogurt 12ct,Dairy,Yogurt,1,0,0,0,0.4651,0.5349,ok,
2026-09-09,102,441201,10.0,5.0,15.0,warehouse_2,warehouse_2,Northeast,"Dedham, MA",42.231627,-71.176682,Copy Paper 5-Ream,Office,Paper,1,0,0,0,0.6667,0.3333,ok,
2026-09-09,102,118640,5.0,10.0,15.0,warehouse_2,warehouse_2,Northeast,"Dedham, MA",42.231627,-71.176682,Sparkling Water 24pk,Grocery,Beverages,1,0,0,0,0.3333,0.6667,ok,
2026-09-09,102,118655,20.0,3.0,23.0,warehouse_2,warehouse_2,Northeast,"Dedham, MA",42.231627,-71.176682,Trail Mix Value Pack,Grocery,Snacks,1,0,0,0,0.8696,0.1304,ok,
2026-09-09,102,184230,20.0,30.0,50.0,warehouse_2,warehouse_2,Northeast,"Dedham, MA",42.231627,-71.176682,Toilet Paper 30ct,Household,Paper,1,0,0,0,0.4,0.6,ok,
2026-09-09,102,184240,17.0,22.0,39.0,warehouse_2,warehouse_2,Northeast,"Dedham, MA",42.231627,-71.176682,Disinfecting Wipes 3pk,Household,Cleaning,1,0,0,0,0.4359,0.5641,ok,
2026-09-09,102,551910,13.0,12.0,25.0,warehouse_2,warehouse_2,Northeast,"Dedham, MA",42.231627,-71.176682,Macaroni Salad Tub,Deli,Sides,1,0,0,0,0.52,0.48,ok,
2026-09-09,102,551920,0.0,0.0,0.0,warehouse_2,warehouse_2,Northeast,"Dedham, MA",42.231627,-71.176682,Turkey Club Sandwich,Deli,Prepared,1,1,0,0,,,true_out,Replenish / order
2026-09-09,102,774020,15.0,6.0,21.0,warehouse_2,warehouse_2,Northeast,"Dedham, MA",42.231627,-71.176682,HDMI Cable 2-Pack,GM,Electronics,1,0,0,0,0.7143,0.2857,ok,
2026-09-09,102,774030,3.0,5.0,8.0,warehouse_2,warehouse_2,Northeast,"Dedham, MA",42.231627,-71.176682,Phone Charger Kit,GM,Electronics,1,0,0,0,0.375,0.625,ok,
2026-09-09,102,445890,16.0,30.0,46.0,warehouse_2,warehouse_2,Northeast,"Dedham, MA",42.231627,-71.176682,Dryer Sheets 240ct,Household,Laundry,1,0,0,0,0.3478,0.6522,ok,
2026-09-09,102,229050,18.0,19.0,37.0,warehouse_2,warehouse_2,Northeast,"Dedham, MA",42.231627,-71.176682,Chicken Breast Tray,Meat,Poultry,1,0,0,0,0.4865,0.5135,ok,
2026-09-09,102,229060,20.0,23.0,43.0,warehouse_2,warehouse_2,Northeast,"Dedham, MA",42.231627,-71.176682,Atlantic Salmon 2pk,Meat,Seafood,1,0,0,0,0.4651,0.5349,ok,
2026-09-09,102,667310,19.0,17.0,36.0,warehouse_2,warehouse_2,Northeast,"Dedham, MA",42.231627,-71.176682,Baby Wipes Soft Pack,Baby,Wipes,1,0,0,0,0.5278,0.4722,ok,
2026-09-09,102,667320,5.0,7.0,12.0,warehouse_2,warehouse_2,Northeast,"Dedham, MA",42.231627,-71.176682,Infant Formula Can,Baby,Formula,1,0,0,0,0.4167,0.5833,ok,
2026-09-09,102,330120,18.0,12.0,30.0,warehouse_2,warehouse_2,Northeast,"Dedham, MA",42.231627,-71.176682,Butter Quarters 4pk,Dairy,Butter,1,0,0,0,0.6,0.4,ok,
2026-09-09,102,441210,17.0,19.0,36.0,warehouse_2,warehouse_2,Northeast,"Dedham, MA",42.231627,-71.176682,Ballpoint Pens 60ct,Office,Writing,1,0,0,0,0.4722,0.5278,ok,
2026-09-09,102,441220,13.0,13.0,26.0,warehouse_2,warehouse_2,Northeast,"Dedham, MA",42.231627,-71.176682,Sticky Notes Value,Office,Supplies,1,0,0,0,0.5,0.5,ok,
2026-09-09,102,990101,12.0,8.0,20.0,warehouse_2,warehouse_2,Northeast,"Dedham, MA",42.231627,-71.176682,Bananas Club Bunch,Produce,Fruit,1,0,0,0,0.6,0.4,ok,
2026-09-09,102,990110,13.0,5.0,18.0,warehouse_2,warehouse_2,Northeast,"Dedham, MA",42.231627,-71.176682,Bag Bag 5lb,Produce,Fruit,1,0,0,0,0.7222,0.2778,ok,
2026-09-09,102,990120,16.0,28.0,44.0,warehouse_2,warehouse_2,Northeast,"Dedham, MA",42.231627,-71.176682,Romaine Hearts 3pk,Produce,Veg,1,0,0,0,0.3636,0.6364,ok,
2026-09-09,102,118670,18.0,24.0,42.0,warehouse_2,warehouse_2,Northeast,"Dedham, MA",42.231627,-71.176682,Pasta Sauce Twin Pack,Grocery,Pantry,1,0,0,0,0.4286,0.5714,ok,
2026-09-09,102,118680,11.0,17.0,28.0,warehouse_2,warehouse_2,Northeast,"Dedham, MA",42.231627,-71.176682,Olive Oil 2L,Grocery,Pantry,1,0,0,0,0.3929,0.6071,ok,
2026-09-09,102,184250,5.0,12.0,17.0,warehouse_2,warehouse_2,Northeast,"Dedham, MA",42.231627,-71.176682,Trash Bags 100ct,Household,Cleaning,1,0,0,0,0.2941,0.7059,ok,
2026-09-09,102,774040,11.0,27.0,38.0,warehouse_2,warehouse_2,Northeast,"Dedham, MA",42.231627,-71.176682,LED Bulbs 8pk,GM,Home,1,0,0,0,0.2895,0.7105,ok,
2026-09-09,102,551930,6.0,19.0,25.0,warehouse_2,warehouse_2,Northeast,"Dedham, MA",42.231627,-71.176682,Potato Salad Tub,Deli,Sides,1,0,0,0,0.24,0.76,ok,
2026-09-09,102,229070,6.0,8.0,14.0,warehouse_2,warehouse_2,Northeast,"Dedham, MA",42.231627,-71.176682,Salmon Fillet Pack,Meat,Seafood,1,0,0,0,0.4286,0.5714,ok,
2026-09-09,102,330130,17.0,0.0,17.0,warehouse_2,warehouse_2,Northeast,"Dedham, MA",42.231627,-71.176682,Shredded Cheese 2lb,Dairy,Cheese,1,0,0,0,1.0,0.0,ok,
2026-09-09,102,667330,11.0,25.0,36.0,warehouse_2,warehouse_2,Northeast,"Dedham, MA",42.231627,-71.176682,Toddler Snacks Box,Baby,Food,1,0,0,0,0.3056,0.6944,ok,
2026-09-09,102,441230,10.0,24.0,34.0,warehouse_2,warehouse_2,Northeast,"Dedham, MA",42.231627,-71.176682,Binder Clips Assort,Office,Supplies,1,0,0,0,0.2941,0.7059,ok,
2026-09-09,102,990130,18.0,1.0,19.0,warehouse_2,warehouse_2,Northeast,"Dedham, MA",42.231627,-71.176682,Blueberries Pint,Produce,Fruit,1,0,0,0,0.9474,0.0526,ok,
2026-09-09,102,118690,5.0,8.0,13.0,warehouse_2,warehouse_2,Northeast,"Dedham, MA",42.231627,-71.176682,Coffee Pods 100ct,Grocery,Beverages,1,0,0,0,0.3846,0.6154,ok,
2026-09-09,103,118634,21.0,4.0,25.0,warehouse_3,warehouse_3,Northeast,"Waltham, MA",42.39436,-71.265464,Bottled Water 40pk,Grocery,Beverages,1,0,0,0,0.84,0.16,ok,
2026-09-09,103,184220,5.0,5.0,10.0,warehouse_3,warehouse_3,Northeast,"Waltham, MA",42.39436,-71.265464,Paper Towels 12pk,Household,Paper,1,0,0,0,0.5,0.5,ok,
2026-09-09,103,551902,15.0,19.0,34.0,warehouse_3,warehouse_3,Northeast,"Waltham, MA",42.39436,-71.265464,Rotisserie Chicken,Deli,Prepared,1,0,0,0,0.4412,0.5588,ok,
2026-09-09,103,774015,12.0,2.0,14.0,warehouse_3,warehouse_3,Northeast,"Waltham, MA",42.39436,-71.265464,AA Batteries 48ct,GM,Electronics,1,0,0,0,0.8571,0.1429,ok,
2026-09-09,103,445880,22.0,5.0,27.0,warehouse_3,warehouse_3,Northeast,"Waltham, MA",42.39436,-71.265464,Laundry Detergent 2pk,Household,Laundry,1,0,0,0,0.8148,0.1852,ok,
2026-09-09,103,229045,0.0,0.0,57.0,warehouse_3,warehouse_3,Northeast,"Waltham, MA",42.39436,-71.265464,Chicken Breast Family Pack,Meat,Chicken,1,1,1,0,,,phantom,Recount / system fix
2026-09-09,103,667301,3.0,4.0,7.0,warehouse_3,warehouse_3,Northeast,"Waltham, MA",42.39436,-71.265464,Diapers Size 4,Baby,Diapers,1,0,0,0,0.4286,0.5714,ok,
2026-09-09,103,330112,7.0,29.0,36.0,warehouse_3,warehouse_3,Northeast,"Waltham, MA",42.39436,-71.265464,Whole Milk Gallon,Dairy,Milk,1,0,0,0,0.1944,0.8056,ok,
2026-09-09,103,330118,18.0,28.0,46.0,warehouse_3,warehouse_3,Northeast,"Waltham, MA",42.39436,-71.265464,Greek Yogurt 12ct,Dairy,Yogurt,1,0,0,0,0.3913,0.6087,ok,
2026-09-09,103,441201,21.0,25.0,46.0,warehouse_3,warehouse_3,Northeast,"Waltham, MA",42.39436,-71.265464,Copy Paper 5-Ream,Office,Paper,1,0,0,0,0.4565,0.5435,ok,
2026-09-09,103,118640,4.0,19.0,23.0,warehouse_3,warehouse_3,Northeast,"Waltham, MA",42.39436,-71.265464,Sparkling Water 24pk,Grocery,Beverages,1,0,0,0,0.1739,0.8261,ok,
2026-09-09,103,118655,6.0,10.0,16.0,warehouse_3,warehouse_3,Northeast,"Waltham, MA",42.39436,-71.265464,Trail Mix Value Pack,Grocery,Snacks,1,0,0,0,0.375,0.625,ok,
2026-09-09,103,184230,5.0,5.0,10.0,warehouse_3,warehouse_3,Northeast,"Waltham, MA",42.39436,-71.265464,Toilet Paper 30ct,Household,Paper,1,0,0,0,0.5,0.5,ok,
2026-09-09,103,184240,9.0,30.0,39.0,warehouse_3,warehouse_3,Northeast,"Waltham, MA",42.39436,-71.265464,Disinfecting Wipes 3pk,Household,Cleaning,1,0,0,0,0.2308,0.7692,ok,
2026-09-09,103,551910,13.0,24.0,37.0,warehouse_3,warehouse_3,Northeast,"Waltham, MA",42.39436,-71.265464,Macaroni Salad Tub,Deli,Sides,1,0,0,0,0.3514,0.6486,ok,
2026-09-09,103,551920,20.0,18.0,38.0,warehouse_3,warehouse_3,Northeast,"Waltham, MA",42.39436,-71.265464,Turkey Club Sandwich,Deli,Prepared,1,0,0,0,0.5263,0.4737,ok,
2026-09-09,103,774020,16.0,21.0,37.0,warehouse_3,warehouse_3,Northeast,"Waltham, MA",42.39436,-71.265464,HDMI Cable 2-Pack,GM,Electronics,1,0,0,0,0.4324,0.5676,ok,
2026-09-09,103,774030,10.0,23.0,33.0,warehouse_3,warehouse_3,Northeast,"Waltham, MA",42.39436,-71.265464,Phone Charger Kit,GM,Electronics,1,0,0,0,0.303,0.697,ok,
2026-09-09,103,445890,12.0,14.0,26.0,warehouse_3,warehouse_3,Northeast,"Waltham, MA",42.39436,-71.265464,Dryer Sheets 240ct,Household,Laundry,1,0,0,0,0.4615,0.5385,ok,
2026-09-09,103,229050,7.0,11.0,18.0,warehouse_3,warehouse_3,Northeast,"Waltham, MA",42.39436,-71.265464,Chicken Breast Tray,Meat,Poultry,1,0,0,0,0.3889,0.6111,ok,
2026-09-09,103,229060,12.0,26.0,38.0,warehouse_3,warehouse_3,Northeast,"Waltham, MA",42.39436,-71.265464,Atlantic Salmon 2pk,Meat,Seafood,1,0,0,0,0.3158,0.6842,ok,
2026-09-09,103,667310,18.0,12.0,30.0,warehouse_3,warehouse_3,Northeast,"Waltham, MA",42.39436,-71.265464,Baby Wipes Soft Pack,Baby,Wipes,1,0,0,0,0.6,0.4,ok,
2026-09-09,103,667320,9.0,24.0,33.0,warehouse_3,warehouse_3,Northeast,"Waltham, MA",42.39436,-71.265464,Infant Formula Can,Baby,Formula,1,0,0,0,0.2727,0.7273,ok,
2026-09-09,103,330120,8.0,6.0,14.0,warehouse_3,warehouse_3,Northeast,"Waltham, MA",42.39436,-71.265464,Butter Quarters 4pk,Dairy,Butter,1,0,0,0,0.5714,0.4286,ok,
2026-09-09,103,441210,16.0,1.0,17.0,warehouse_3,warehouse_3,Northeast,"Waltham, MA",42.39436,-71.265464,Ballpoint Pens 60ct,Office,Writing,1,0,0,0,0.9412,0.0588,ok,
2026-09-09,103,441220,18.0,26.0,44.0,warehouse_3,warehouse_3,Northeast,"Waltham, MA",42.39436,-71.265464,Sticky Notes Value,Office,Supplies,1,0,0,0,0.4091,0.5909,ok,
2026-09-09,103,990101,14.0,7.0,21.0,warehouse_3,warehouse_3,Northeast,"Waltham, MA",42.39436,-71.265464,Bananas Club Bunch,Produce,Fruit,1,0,0,0,0.6667,0.3333,ok,
2026-09-09,103,990110,4.0,21.0,25.0,warehouse_3,warehouse_3,Northeast,"Waltham, MA",42.39436,-71.265464,Bag Bag 5lb,Produce,Fruit,1,0,0,0,0.16,0.84,ok,
2026-09-09,103,990120,8.0,12.0,20.0,warehouse_3,warehouse_3,Northeast,"Waltham, MA",42.39436,-71.265464,Romaine Hearts 3pk,Produce,Veg,1,0,0,0,0.4,0.6,ok,
2026-09-09,103,118670,21.0,15.0,36.0,warehouse_3,warehouse_3,Northeast,"Waltham, MA",42.39436,-71.265464,Pasta Sauce Twin Pack,Grocery,Pantry,1,0,0,0,0.5833,0.4167,ok,
2026-09-09,103,118680,20.0,28.0,48.0,warehouse_3,warehouse_3,Northeast,"Waltham, MA",42.39436,-71.265464,Olive Oil 2L,Grocery,Pantry,1,0,0,0,0.4167,0.5833,ok,
2026-09-09,103,184250,16.0,26.0,42.0,warehouse_3,warehouse_3,Northeast,"Waltham, MA",42.39436,-71.265464,Trash Bags 100ct,Household,Cleaning,1,0,0,0,0.381,0.619,ok,
2026-09-09,103,774040,17.0,6.0,23.0,warehouse_3,warehouse_3,Northeast,"Waltham, MA",42.39436,-71.265464,LED Bulbs 8pk,GM,Home,1,0,0,0,0.7391,0.2609,ok,
2026-09-09,103,551930,16.0,2.0,18.0,warehouse_3,warehouse_3,Northeast,"Waltham, MA",42.39436,-71.265464,Potato Salad Tub,Deli,Sides,1,0,0,0,0.8889,0.1111,ok,
2026-09-09,103,229070,3.0,12.0,15.0,warehouse_3,warehouse_3,Northeast,"Waltham, MA",42.39436,-71.265464,Salmon Fillet Pack,Meat,Seafood,1,0,0,0,0.2,0.8,ok,
2026-09-09,103,330130,11.0,1.0,12.0,warehouse_3,warehouse_3,Northeast,"Waltham, MA",42.39436,-71.265464,Shredded Cheese 2lb,Dairy,Cheese,1,0,0,0,0.9167,0.0833,ok,
2026-09-09,103,667330,16.0,12.0,28.0,warehouse_3,warehouse_3,Northeast,"Waltham, MA",42.39436,-71.265464,Toddler Snacks Box,Baby,Food,1,0,0,0,0.5714,0.4286,ok,
2026-09-09,103,441230,11.0,23.0,34.0,warehouse_3,warehouse_3,Northeast,"Waltham, MA",42.39436,-71.265464,Binder Clips Assort,Office,Supplies,1,0,0,0,0.3235,0.6765,ok,
2026-09-09,103,990130,0.0,0.0,58.0,warehouse_3,warehouse_3,Northeast,"Waltham, MA",42.39436,-71.265464,Blueberries Pint,Produce,Fruit,1,1,1,0,,,phantom,Recount / system fix
2026-09-09,103,118690,19.0,14.0,33.0,warehouse_3,warehouse_3,Northeast,"Waltham, MA",42.39436,-71.265464,Coffee Pods 100ct,Grocery,Beverages,1,0,0,0,0.5758,0.4242,ok,
2026-09-10,101,118634,6.0,29.0,35.0,warehouse_1,warehouse_1,Northeast,"Everett, MA",42.402137,-71.069774,Bottled Water 40pk,Grocery,Beverages,1,0,0,0,0.1714,0.8286,ok,
2026-09-10,101,184220,7.0,20.0,27.0,warehouse_1,warehouse_1,Northeast,"Everett, MA",42.402137,-71.069774,Paper Towels 12pk,Household,Paper,1,0,0,0,0.2593,0.7407,ok,
2026-09-10,101,551902,6.0,19.0,25.0,warehouse_1,warehouse_1,Northeast,"Everett, MA",42.402137,-71.069774,Rotisserie Chicken,Deli,Prepared,1,0,0,0,0.24,0.76,ok,
2026-09-10,101,774015,0.0,25.0,57.0,warehouse_1,warehouse_1,Northeast,"Everett, MA",42.402137,-71.069774,AA Batteries 48ct,GM,Electronics,1,1,1,1,0.0,1.0,phantom+rescue,Floor pull · recount
2026-09-10,101,445880,14.0,25.0,39.0,warehouse_1,warehouse_1,Northeast,"Everett, MA",42.402137,-71.069774,Laundry Detergent 2pk,Household,Laundry,1,0,0,0,0.359,0.641,ok,
2026-09-10,101,229045,11.0,22.0,33.0,warehouse_1,warehouse_1,Northeast,"Everett, MA",42.402137,-71.069774,Chicken Breast Family Pack,Meat,Chicken,1,0,0,0,0.3333,0.6667,ok,
2026-09-10,101,667301,18.0,29.0,47.0,warehouse_1,warehouse_1,Northeast,"Everett, MA",42.402137,-71.069774,Diapers Size 4,Baby,Diapers,1,0,0,0,0.383,0.617,ok,
2026-09-10,101,330112,20.0,9.0,29.0,warehouse_1,warehouse_1,Northeast,"Everett, MA",42.402137,-71.069774,Whole Milk Gallon,Dairy,Milk,1,0,0,0,0.6897,0.3103,ok,
2026-09-10,101,330118,3.0,7.0,10.0,warehouse_1,warehouse_1,Northeast,"Everett, MA",42.402137,-71.069774,Greek Yogurt 12ct,Dairy,Yogurt,1,0,0,0,0.3,0.7,ok,
2026-09-10,101,441201,21.0,25.0,46.0,warehouse_1,warehouse_1,Northeast,"Everett, MA",42.402137,-71.069774,Copy Paper 5-Ream,Office,Paper,1,0,0,0,0.4565,0.5435,ok,
2026-09-10,101,118640,7.0,2.0,9.0,warehouse_1,warehouse_1,Northeast,"Everett, MA",42.402137,-71.069774,Sparkling Water 24pk,Grocery,Beverages,1,0,0,0,0.7778,0.2222,ok,
2026-09-10,101,118655,7.0,21.0,28.0,warehouse_1,warehouse_1,Northeast,"Everett, MA",42.402137,-71.069774,Trail Mix Value Pack,Grocery,Snacks,1,0,0,0,0.25,0.75,ok,
2026-09-10,101,184230,12.0,8.0,20.0,warehouse_1,warehouse_1,Northeast,"Everett, MA",42.402137,-71.069774,Toilet Paper 30ct,Household,Paper,1,0,0,0,0.6,0.4,ok,
2026-09-10,101,184240,0.0,0.0,15.0,warehouse_1,warehouse_1,Northeast,"Everett, MA",42.402137,-71.069774,Disinfecting Wipes 3pk,Household,Cleaning,1,1,1,0,,,phantom,Recount / system fix
2026-09-10,101,551910,4.0,23.0,27.0,warehouse_1,warehouse_1,Northeast,"Everett, MA",42.402137,-71.069774,Macaroni Salad Tub,Deli,Sides,1,0,0,0,0.1481,0.8519,ok,
2026-09-10,101,551920,4.0,16.0,20.0,warehouse_1,warehouse_1,Northeast,"Everett, MA",42.402137,-71.069774,Turkey Club Sandwich,Deli,Prepared,1,0,0,0,0.2,0.8,ok,
2026-09-10,101,774020,20.0,18.0,38.0,warehouse_1,warehouse_1,Northeast,"Everett, MA",42.402137,-71.069774,HDMI Cable 2-Pack,GM,Electronics,1,0,0,0,0.5263,0.4737,ok,
2026-09-10,101,774030,3.0,28.0,31.0,warehouse_1,warehouse_1,Northeast,"Everett, MA",42.402137,-71.069774,Phone Charger Kit,GM,Electronics,1,0,0,0,0.0968,0.9032,ok,
2026-09-10,101,445890,5.0,21.0,26.0,warehouse_1,warehouse_1,Northeast,"Everett, MA",42.402137,-71.069774,Dryer Sheets 240ct,Household,Laundry,1,0,0,0,0.1923,0.8077,ok,
2026-09-10,101,229050,8.0,26.0,34.0,warehouse_1,warehouse_1,Northeast,"Everett, MA",42.402137,-71.069774,Chicken Breast Tray,Meat,Poultry,1,0,0,0,0.2353,0.7647,ok,
2026-09-10,101,229060,4.0,23.0,27.0,warehouse_1,warehouse_1,Northeast,"Everett, MA",42.402137,-71.069774,Atlantic Salmon 2pk,Meat,Seafood,1,0,0,0,0.1481,0.8519,ok,
2026-09-10,101,667310,7.0,8.0,15.0,warehouse_1,warehouse_1,Northeast,"Everett, MA",42.402137,-71.069774,Baby Wipes Soft Pack,Baby,Wipes,1,0,0,0,0.4667,0.5333,ok,
2026-09-10,101,667320,3.0,19.0,22.0,warehouse_1,warehouse_1,Northeast,"Everett, MA",42.402137,-71.069774,Infant Formula Can,Baby,Formula,1,0,0,0,0.1364,0.8636,ok,
2026-09-10,101,330120,4.0,18.0,22.0,warehouse_1,warehouse_1,Northeast,"Everett, MA",42.402137,-71.069774,Butter Quarters 4pk,Dairy,Butter,1,0,0,0,0.1818,0.8182,ok,
2026-09-10,101,441210,16.0,25.0,41.0,warehouse_1,warehouse_1,Northeast,"Everett, MA",42.402137,-71.069774,Ballpoint Pens 60ct,Office,Writing,1,0,0,0,0.3902,0.6098,ok,
2026-09-10,101,441220,0.0,16.0,20.0,warehouse_1,warehouse_1,Northeast,"Everett, MA",42.402137,-71.069774,Sticky Notes Value,Office,Supplies,1,1,1,1,0.0,1.0,phantom+rescue,Floor pull · recount
2026-09-10,101,990101,14.0,20.0,34.0,warehouse_1,warehouse_1,Northeast,"Everett, MA",42.402137,-71.069774,Bananas Club Bunch,Produce,Fruit,1,0,0,0,0.4118,0.5882,ok,
2026-09-10,101,990110,19.0,17.0,36.0,warehouse_1,warehouse_1,Northeast,"Everett, MA",42.402137,-71.069774,Bag Bag 5lb,Produce,Fruit,1,0,0,0,0.5278,0.4722,ok,
2026-09-10,101,990120,16.0,0.0,16.0,warehouse_1,warehouse_1,Northeast,"Everett, MA",42.402137,-71.069774,Romaine Hearts 3pk,Produce,Veg,1,0,0,0,1.0,0.0,ok,
2026-09-10,101,118670,5.0,14.0,19.0,warehouse_1,warehouse_1,Northeast,"Everett, MA",42.402137,-71.069774,Pasta Sauce Twin Pack,Grocery,Pantry,1,0,0,0,0.2632,0.7368,ok,
2026-09-10,101,118680,22.0,1.0,23.0,warehouse_1,warehouse_1,Northeast,"Everett, MA",42.402137,-71.069774,Olive Oil 2L,Grocery,Pantry,1,0,0,0,0.9565,0.0435,ok,
2026-09-10,101,184250,9.0,9.0,18.0,warehouse_1,warehouse_1,Northeast,"Everett, MA",42.402137,-71.069774,Trash Bags 100ct,Household,Cleaning,1,0,0,0,0.5,0.5,ok,
2026-09-10,101,774040,6.0,4.0,10.0,warehouse_1,warehouse_1,Northeast,"Everett, MA",42.402137,-71.069774,LED Bulbs 8pk,GM,Home,1,0,0,0,0.6,0.4,ok,
2026-09-10,101,551930,0.0,0.0,49.0,warehouse_1,warehouse_1,Northeast,"Everett, MA",42.402137,-71.069774,Potato Salad Tub,Deli,Sides,1,1,1,0,,,phantom,Recount / system fix
2026-09-10,101,229070,19.0,6.0,25.0,warehouse_1,warehouse_1,Northeast,"Everett, MA",42.402137,-71.069774,Salmon Fillet Pack,Meat,Seafood,1,0,0,0,0.76,0.24,ok,
2026-09-10,101,330130,19.0,21.0,40.0,warehouse_1,warehouse_1,Northeast,"Everett, MA",42.402137,-71.069774,Shredded Cheese 2lb,Dairy,Cheese,1,0,0,0,0.475,0.525,ok,
2026-09-10,101,667330,21.0,19.0,40.0,warehouse_1,warehouse_1,Northeast,"Everett, MA",42.402137,-71.069774,Toddler Snacks Box,Baby,Food,1,0,0,0,0.525,0.475,ok,
2026-09-10,101,441230,9.0,26.0,35.0,warehouse_1,warehouse_1,Northeast,"Everett, MA",42.402137,-71.069774,Binder Clips Assort,Office,Supplies,1,0,0,0,0.2571,0.7429,ok,
2026-09-10,101,990130,0.0,0.0,47.0,warehouse_1,warehouse_1,Northeast,"Everett, MA",42.402137,-71.069774,Blueberries Pint,Produce,Fruit,1,1,1,0,,,phantom,Recount / system fix
2026-09-10,101,118690,7.0,3.0,10.0,warehouse_1,warehouse_1,Northeast,"Everett, MA",42.402137,-71.069774,Coffee Pods 100ct,Grocery,Beverages,1,0,0,0,0.7,0.3,ok,
2026-09-10,102,118634,14.0,2.0,16.0,warehouse_2,warehouse_2,Northeast,"Dedham, MA",42.231627,-71.176682,Bottled Water 40pk,Grocery,Beverages,1,0,0,0,0.875,0.125,ok,
2026-09-10,102,184220,19.0,12.0,31.0,warehouse_2,warehouse_2,Northeast,"Dedham, MA",42.231627,-71.176682,Paper Towels 12pk,Household,Paper,1,0,0,0,0.6129,0.3871,ok,
2026-09-10,102,551902,6.0,22.0,28.0,warehouse_2,warehouse_2,Northeast,"Dedham, MA",42.231627,-71.176682,Rotisserie Chicken,Deli,Prepared,1,0,0,0,0.2143,0.7857,ok,
2026-09-10,102,774015,14.0,20.0,34.0,warehouse_2,warehouse_2,Northeast,"Dedham, MA",42.231627,-71.176682,AA Batteries 48ct,GM,Electronics,1,0,0,0,0.4118,0.5882,ok,
2026-09-10,102,445880,17.0,6.0,23.0,warehouse_2,warehouse_2,Northeast,"Dedham, MA",42.231627,-71.176682,Laundry Detergent 2pk,Household,Laundry,1,0,0,0,0.7391,0.2609,ok,
2026-09-10,102,229045,0.0,18.0,31.0,warehouse_2,warehouse_2,Northeast,"Dedham, MA",42.231627,-71.176682,Chicken Breast Family Pack,Meat,Chicken,1,1,1,1,0.0,1.0,phantom+rescue,Floor pull · recount
2026-09-10,102,667301,6.0,24.0,30.0,warehouse_2,warehouse_2,Northeast,"Dedham, MA",42.231627,-71.176682,Diapers Size 4,Baby,Diapers,1,0,0,0,0.2,0.8,ok,
2026-09-10,102,330112,0.0,0.0,0.0,warehouse_2,warehouse_2,Northeast,"Dedham, MA",42.231627,-71.176682,Whole Milk Gallon,Dairy,Milk,1,1,0,0,,,true_out,Replenish / order
2026-09-10,102,330118,4.0,24.0,28.0,warehouse_2,warehouse_2,Northeast,"Dedham, MA",42.231627,-71.176682,Greek Yogurt 12ct,Dairy,Yogurt,1,0,0,0,0.1429,0.8571,ok,
2026-09-10,102,441201,0.0,18.0,26.0,warehouse_2,warehouse_2,Northeast,"Dedham, MA",42.231627,-71.176682,Copy Paper 5-Ream,Office,Paper,1,1,1,1,0.0,1.0,phantom+rescue,Floor pull · recount
2026-09-10,102,118640,9.0,14.0,23.0,warehouse_2,warehouse_2,Northeast,"Dedham, MA",42.231627,-71.176682,Sparkling Water 24pk,Grocery,Beverages,1,0,0,0,0.3913,0.6087,ok,
2026-09-10,102,118655,13.0,9.0,22.0,warehouse_2,warehouse_2,Northeast,"Dedham, MA",42.231627,-71.176682,Trail Mix Value Pack,Grocery,Snacks,1,0,0,0,0.5909,0.4091,ok,
2026-09-10,102,184230,18.0,25.0,43.0,warehouse_2,warehouse_2,Northeast,"Dedham, MA",42.231627,-71.176682,Toilet Paper 30ct,Household,Paper,1,0,0,0,0.4186,0.5814,ok,
2026-09-10,102,184240,15.0,17.0,32.0,warehouse_2,warehouse_2,Northeast,"Dedham, MA",42.231627,-71.176682,Disinfecting Wipes 3pk,Household,Cleaning,1,0,0,0,0.4688,0.5312,ok,
2026-09-10,102,551910,15.0,20.0,35.0,warehouse_2,warehouse_2,Northeast,"Dedham, MA",42.231627,-71.176682,Macaroni Salad Tub,Deli,Sides,1,0,0,0,0.4286,0.5714,ok,
2026-09-10,102,551920,8.0,18.0,26.0,warehouse_2,warehouse_2,Northeast,"Dedham, MA",42.231627,-71.176682,Turkey Club Sandwich,Deli,Prepared,1,0,0,0,0.3077,0.6923,ok,
2026-09-10,102,774020,5.0,0.0,5.0,warehouse_2,warehouse_2,Northeast,"Dedham, MA",42.231627,-71.176682,HDMI Cable 2-Pack,GM,Electronics,1,0,0,0,1.0,0.0,ok,
2026-09-10,102,774030,7.0,3.0,10.0,warehouse_2,warehouse_2,Northeast,"Dedham, MA",42.231627,-71.176682,Phone Charger Kit,GM,Electronics,1,0,0,0,0.7,0.3,ok,
2026-09-10,102,445890,13.0,30.0,43.0,warehouse_2,warehouse_2,Northeast,"Dedham, MA",42.231627,-71.176682,Dryer Sheets 240ct,Household,Laundry,1,0,0,0,0.3023,0.6977,ok,
2026-09-10,102,229050,7.0,13.0,20.0,warehouse_2,warehouse_2,Northeast,"Dedham, MA",42.231627,-71.176682,Chicken Breast Tray,Meat,Poultry,1,0,0,0,0.35,0.65,ok,
2026-09-10,102,229060,19.0,8.0,27.0,warehouse_2,warehouse_2,Northeast,"Dedham, MA",42.231627,-71.176682,Atlantic Salmon 2pk,Meat,Seafood,1,0,0,0,0.7037,0.2963,ok,
2026-09-10,102,667310,22.0,20.0,42.0,warehouse_2,warehouse_2,Northeast,"Dedham, MA",42.231627,-71.176682,Baby Wipes Soft Pack,Baby,Wipes,1,0,0,0,0.5238,0.4762,ok,
2026-09-10,102,667320,21.0,19.0,40.0,warehouse_2,warehouse_2,Northeast,"Dedham, MA",42.231627,-71.176682,Infant Formula Can,Baby,Formula,1,0,0,0,0.525,0.475,ok,
2026-09-10,102,330120,19.0,12.0,31.0,warehouse_2,warehouse_2,Northeast,"Dedham, MA",42.231627,-71.176682,Butter Quarters 4pk,Dairy,Butter,1,0,0,0,0.6129,0.3871,ok,
2026-09-10,102,441210,8.0,19.0,27.0,warehouse_2,warehouse_2,Northeast,"Dedham, MA",42.231627,-71.176682,Ballpoint Pens 60ct,Office,Writing,1,0,0,0,0.2963,0.7037,ok,
2026-09-10,102,441220,13.0,23.0,36.0,warehouse_2,warehouse_2,Northeast,"Dedham, MA",42.231627,-71.176682,Sticky Notes Value,Office,Supplies,1,0,0,0,0.3611,0.6389,ok,
2026-09-10,102,990101,0.0,29.0,38.0,warehouse_2,warehouse_2,Northeast,"Dedham, MA",42.231627,-71.176682,Bananas Club Bunch,Produce,Fruit,1,1,1,1,0.0,1.0,phantom+rescue,Floor pull · recount
2026-09-10,102,990110,18.0,15.0,33.0,warehouse_2,warehouse_2,Northeast,"Dedham, MA",42.231627,-71.176682,Bag Bag 5lb,Produce,Fruit,1,0,0,0,0.5455,0.4545,ok,
2026-09-10,102,990120,4.0,24.0,28.0,warehouse_2,warehouse_2,Northeast,"Dedham, MA",42.231627,-71.176682,Romaine Hearts 3pk,Produce,Veg,1,0,0,0,0.1429,0.8571,ok,
2026-09-10,102,118670,5.0,8.0,13.0,warehouse_2,warehouse_2,Northeast,"Dedham, MA",42.231627,-71.176682,Pasta Sauce Twin Pack,Grocery,Pantry,1,0,0,0,0.3846,0.6154,ok,
2026-09-10,102,118680,0.0,22.0,33.0,warehouse_2,warehouse_2,Northeast,"Dedham, MA",42.231627,-71.176682,Olive Oil 2L,Grocery,Pantry,1,1,1,1,0.0,1.0,phantom+rescue,Floor pull · recount
2026-09-10,102,184250,10.0,19.0,29.0,warehouse_2,warehouse_2,Northeast,"Dedham, MA",42.231627,-71.176682,Trash Bags 100ct,Household,Cleaning,1,0,0,0,0.3448,0.6552,ok,
2026-09-10,102,774040,11.0,30.0,41.0,warehouse_2,warehouse_2,Northeast,"Dedham, MA",42.231627,-71.176682,LED Bulbs 8pk,GM,Home,1,0,0,0,0.2683,0.7317,ok,
2026-09-10,102,551930,9.0,21.0,30.0,warehouse_2,warehouse_2,Northeast,"Dedham, MA",42.231627,-71.176682,Potato Salad Tub,Deli,Sides,1,0,0,0,0.3,0.7,ok,
2026-09-10,102,229070,0.0,0.0,0.0,warehouse_2,warehouse_2,Northeast,"Dedham, MA",42.231627,-71.176682,Salmon Fillet Pack,Meat,Seafood,1,1,0,0,,,true_out,Replenish / order
2026-09-10,102,330130,13.0,23.0,36.0,warehouse_2,warehouse_2,Northeast,"Dedham, MA",42.231627,-71.176682,Shredded Cheese 2lb,Dairy,Cheese,1,0,0,0,0.3611,0.6389,ok,
2026-09-10,102,667330,16.0,10.0,26.0,warehouse_2,warehouse_2,Northeast,"Dedham, MA",42.231627,-71.176682,Toddler Snacks Box,Baby,Food,1,0,0,0,0.6154,0.3846,ok,
2026-09-10,102,441230,10.0,18.0,28.0,warehouse_2,warehouse_2,Northeast,"Dedham, MA",42.231627,-71.176682,Binder Clips Assort,Office,Supplies,1,0,0,0,0.3571,0.6429,ok,
2026-09-10,102,990130,4.0,23.0,27.0,warehouse_2,warehouse_2,Northeast,"Dedham, MA",42.231627,-71.176682,Blueberries Pint,Produce,Fruit,1,0,0,0,0.1481,0.8519,ok,
2026-09-10,102,118690,13.0,18.0,31.0,warehouse_2,warehouse_2,Northeast,"Dedham, MA",42.231627,-71.176682,Coffee Pods 100ct,Grocery,Beverages,1,0,0,0,0.4194,0.5806,ok,
2026-09-10,103,118634,6.0,2.0,8.0,warehouse_3,warehouse_3,Northeast,"Waltham, MA",42.39436,-71.265464,Bottled Water 40pk,Grocery,Beverages,1,0,0,0,0.75,0.25,ok,
2026-09-10,103,184220,0.0,0.0,21.0,warehouse_3,warehouse_3,Northeast,"Waltham, MA",42.39436,-71.265464,Paper Towels 12pk,Household,Paper,1,1,1,0,,,phantom,Recount / system fix
2026-09-10,103,551902,12.0,27.0,39.0,warehouse_3,warehouse_3,Northeast,"Waltham, MA",42.39436,-71.265464,Rotisserie Chicken,Deli,Prepared,1,0,0,0,0.3077,0.6923,ok,
2026-09-10,103,774015,0.0,0.0,0.0,warehouse_3,warehouse_3,Northeast,"Waltham, MA",42.39436,-71.265464,AA Batteries 48ct,GM,Electronics,1,1,0,0,,,true_out,Replenish / order
2026-09-10,103,445880,13.0,9.0,22.0,warehouse_3,warehouse_3,Northeast,"Waltham, MA",42.39436,-71.265464,Laundry Detergent 2pk,Household,Laundry,1,0,0,0,0.5909,0.4091,ok,
2026-09-10,103,229045,17.0,29.0,46.0,warehouse_3,warehouse_3,Northeast,"Waltham, MA",42.39436,-71.265464,Chicken Breast Family Pack,Meat,Chicken,1,0,0,0,0.3696,0.6304,ok,
2026-09-10,103,667301,22.0,6.0,28.0,warehouse_3,warehouse_3,Northeast,"Waltham, MA",42.39436,-71.265464,Diapers Size 4,Baby,Diapers,1,0,0,0,0.7857,0.2143,ok,
2026-09-10,103,330112,15.0,28.0,43.0,warehouse_3,warehouse_3,Northeast,"Waltham, MA",42.39436,-71.265464,Whole Milk Gallon,Dairy,Milk,1,0,0,0,0.3488,0.6512,ok,
2026-09-10,103,330118,22.0,9.0,31.0,warehouse_3,warehouse_3,Northeast,"Waltham, MA",42.39436,-71.265464,Greek Yogurt 12ct,Dairy,Yogurt,1,0,0,0,0.7097,0.2903,ok,
2026-09-10,103,441201,4.0,24.0,28.0,warehouse_3,warehouse_3,Northeast,"Waltham, MA",42.39436,-71.265464,Copy Paper 5-Ream,Office,Paper,1,0,0,0,0.1429,0.8571,ok,
2026-09-10,103,118640,8.0,23.0,31.0,warehouse_3,warehouse_3,Northeast,"Waltham, MA",42.39436,-71.265464,Sparkling Water 24pk,Grocery,Beverages,1,0,0,0,0.2581,0.7419,ok,
2026-09-10,103,118655,4.0,26.0,30.0,warehouse_3,warehouse_3,Northeast,"Waltham, MA",42.39436,-71.265464,Trail Mix Value Pack,Grocery,Snacks,1,0,0,0,0.1333,0.8667,ok,
2026-09-10,103,184230,15.0,20.0,35.0,warehouse_3,warehouse_3,Northeast,"Waltham, MA",42.39436,-71.265464,Toilet Paper 30ct,Household,Paper,1,0,0,0,0.4286,0.5714,ok,
2026-09-10,103,184240,7.0,15.0,22.0,warehouse_3,warehouse_3,Northeast,"Waltham, MA",42.39436,-71.265464,Disinfecting Wipes 3pk,Household,Cleaning,1,0,0,0,0.3182,0.6818,ok,
2026-09-10,103,551910,17.0,24.0,41.0,warehouse_3,warehouse_3,Northeast,"Waltham, MA",42.39436,-71.265464,Macaroni Salad Tub,Deli,Sides,1,0,0,0,0.4146,0.5854,ok,
2026-09-10,103,551920,7.0,21.0,28.0,warehouse_3,warehouse_3,Northeast,"Waltham, MA",42.39436,-71.265464,Turkey Club Sandwich,Deli,Prepared,1,0,0,0,0.25,0.75,ok,
2026-09-10,103,774020,4.0,8.0,12.0,warehouse_3,warehouse_3,Northeast,"Waltham, MA",42.39436,-71.265464,HDMI Cable 2-Pack,GM,Electronics,1,0,0,0,0.3333,0.6667,ok,
2026-09-10,103,774030,21.0,6.0,27.0,warehouse_3,warehouse_3,Northeast,"Waltham, MA",42.39436,-71.265464,Phone Charger Kit,GM,Electronics,1,0,0,0,0.7778,0.2222,ok,
2026-09-10,103,445890,21.0,28.0,49.0,warehouse_3,warehouse_3,Northeast,"Waltham, MA",42.39436,-71.265464,Dryer Sheets 240ct,Household,Laundry,1,0,0,0,0.4286,0.5714,ok,
2026-09-10,103,229050,11.0,8.0,19.0,warehouse_3,warehouse_3,Northeast,"Waltham, MA",42.39436,-71.265464,Chicken Breast Tray,Meat,Poultry,1,0,0,0,0.5789,0.4211,ok,
2026-09-10,103,229060,18.0,5.0,23.0,warehouse_3,warehouse_3,Northeast,"Waltham, MA",42.39436,-71.265464,Atlantic Salmon 2pk,Meat,Seafood,1,0,0,0,0.7826,0.2174,ok,
2026-09-10,103,667310,16.0,13.0,29.0,warehouse_3,warehouse_3,Northeast,"Waltham, MA",42.39436,-71.265464,Baby Wipes Soft Pack,Baby,Wipes,1,0,0,0,0.5517,0.4483,ok,
2026-09-10,103,667320,6.0,22.0,28.0,warehouse_3,warehouse_3,Northeast,"Waltham, MA",42.39436,-71.265464,Infant Formula Can,Baby,Formula,1,0,0,0,0.2143,0.7857,ok,
2026-09-10,103,330120,15.0,0.0,15.0,warehouse_3,warehouse_3,Northeast,"Waltham, MA",42.39436,-71.265464,Butter Quarters 4pk,Dairy,Butter,1,0,0,0,1.0,0.0,ok,
2026-09-10,103,441210,6.0,30.0,36.0,warehouse_3,warehouse_3,Northeast,"Waltham, MA",42.39436,-71.265464,Ballpoint Pens 60ct,Office,Writing,1,0,0,0,0.1667,0.8333,ok,
2026-09-10,103,441220,11.0,5.0,16.0,warehouse_3,warehouse_3,Northeast,"Waltham, MA",42.39436,-71.265464,Sticky Notes Value,Office,Supplies,1,0,0,0,0.6875,0.3125,ok,
2026-09-10,103,990101,10.0,6.0,16.0,warehouse_3,warehouse_3,Northeast,"Waltham, MA",42.39436,-71.265464,Bananas Club Bunch,Produce,Fruit,1,0,0,0,0.625,0.375,ok,
2026-09-10,103,990110,12.0,16.0,28.0,warehouse_3,warehouse_3,Northeast,"Waltham, MA",42.39436,-71.265464,Bag Bag 5lb,Produce,Fruit,1,0,0,0,0.4286,0.5714,ok,
2026-09-10,103,990120,5.0,30.0,35.0,warehouse_3,warehouse_3,Northeast,"Waltham, MA",42.39436,-71.265464,Romaine Hearts 3pk,Produce,Veg,1,0,0,0,0.1429,0.8571,ok,
2026-09-10,103,118670,0.0,14.0,27.0,warehouse_3,warehouse_3,Northeast,"Waltham, MA",42.39436,-71.265464,Pasta Sauce Twin Pack,Grocery,Pantry,1,1,1,1,0.0,1.0,phantom+rescue,Floor pull · recount
2026-09-10,103,118680,9.0,2.0,11.0,warehouse_3,warehouse_3,Northeast,"Waltham, MA",42.39436,-71.265464,Olive Oil 2L,Grocery,Pantry,1,0,0,0,0.8182,0.1818,ok,
2026-09-10,103,184250,3.0,5.0,8.0,warehouse_3,warehouse_3,Northeast,"Waltham, MA",42.39436,-71.265464,Trash Bags 100ct,Household,Cleaning,1,0,0,0,0.375,0.625,ok,
2026-09-10,103,774040,21.0,0.0,21.0,warehouse_3,warehouse_3,Northeast,"Waltham, MA",42.39436,-71.265464,LED Bulbs 8pk,GM,Home,1,0,0,0,1.0,0.0,ok,
2026-09-10,103,551930,13.0,18.0,31.0,warehouse_3,warehouse_3,Northeast,"Waltham, MA",42.39436,-71.265464,Potato Salad Tub,Deli,Sides,1,0,0,0,0.4194,0.5806,ok,
2026-09-10,103,229070,5.0,28.0,33.0,warehouse_3,warehouse_3,Northeast,"Waltham, MA",42.39436,-71.265464,Salmon Fillet Pack,Meat,Seafood,1,0,0,0,0.1515,0.8485,ok,
2026-09-10,103,330130,11.0,1.0,12.0,warehouse_3,warehouse_3,Northeast,"Waltham, MA",42.39436,-71.265464,Shredded Cheese 2lb,Dairy,Cheese,1,0,0,0,0.9167,0.0833,ok,
2026-09-10,103,667330,7.0,0.0,7.0,warehouse_3,warehouse_3,Northeast,"Waltham, MA",42.39436,-71.265464,Toddler Snacks Box,Baby,Food,1,0,0,0,1.0,0.0,ok,
2026-09-10,103,441230,0.0,11.0,25.0,warehouse_3,warehouse_3,Northeast,"Waltham, MA",42.39436,-71.265464,Binder Clips Assort,Office,Supplies,1,1,1,1,0.0,1.0,phantom+rescue,Floor pull · recount
2026-09-10,103,990130,7.0,27.0,34.0,warehouse_3,warehouse_3,Northeast,"Waltham, MA",42.39436,-71.265464,Blueberries Pint,Produce,Fruit,1,0,0,0,0.2059,0.7941,ok,
2026-09-10,103,118690,19.0,8.0,27.0,warehouse_3,warehouse_3,Northeast,"Waltham, MA",42.39436,-71.265464,Coffee Pods 100ct,Grocery,Beverages,1,0,0,0,0.7037,0.2963,ok,
2026-09-11,101,118634,19.0,22.0,41.0,warehouse_1,warehouse_1,Northeast,"Everett, MA",42.402137,-71.069774,Bottled Water 40pk,Grocery,Beverages,1,0,0,0,0.4634,0.5366,ok,
2026-09-11,101,184220,4.0,27.0,31.0,warehouse_1,warehouse_1,Northeast,"Everett, MA",42.402137,-71.069774,Paper Towels 12pk,Household,Paper,1,0,0,0,0.129,0.871,ok,
2026-09-11,101,551902,0.0,0.0,0.0,warehouse_1,warehouse_1,Northeast,"Everett, MA",42.402137,-71.069774,Rotisserie Chicken,Deli,Prepared,1,1,0,0,,,true_out,Replenish / order
2026-09-11,101,774015,3.0,18.0,21.0,warehouse_1,warehouse_1,Northeast,"Everett, MA",42.402137,-71.069774,AA Batteries 48ct,GM,Electronics,1,0,0,0,0.1429,0.8571,ok,
2026-09-11,101,445880,13.0,19.0,32.0,warehouse_1,warehouse_1,Northeast,"Everett, MA",42.402137,-71.069774,Laundry Detergent 2pk,Household,Laundry,1,0,0,0,0.4062,0.5938,ok,
2026-09-11,101,229045,4.0,10.0,14.0,warehouse_1,warehouse_1,Northeast,"Everett, MA",42.402137,-71.069774,Chicken Breast Family Pack,Meat,Chicken,1,0,0,0,0.2857,0.7143,ok,
2026-09-11,101,667301,19.0,17.0,36.0,warehouse_1,warehouse_1,Northeast,"Everett, MA",42.402137,-71.069774,Diapers Size 4,Baby,Diapers,1,0,0,0,0.5278,0.4722,ok,
2026-09-11,101,330112,19.0,27.0,46.0,warehouse_1,warehouse_1,Northeast,"Everett, MA",42.402137,-71.069774,Whole Milk Gallon,Dairy,Milk,1,0,0,0,0.413,0.587,ok,
2026-09-11,101,330118,8.0,15.0,23.0,warehouse_1,warehouse_1,Northeast,"Everett, MA",42.402137,-71.069774,Greek Yogurt 12ct,Dairy,Yogurt,1,0,0,0,0.3478,0.6522,ok,
2026-09-11,101,441201,9.0,25.0,34.0,warehouse_1,warehouse_1,Northeast,"Everett, MA",42.402137,-71.069774,Copy Paper 5-Ream,Office,Paper,1,0,0,0,0.2647,0.7353,ok,
2026-09-11,101,118640,13.0,20.0,33.0,warehouse_1,warehouse_1,Northeast,"Everett, MA",42.402137,-71.069774,Sparkling Water 24pk,Grocery,Beverages,1,0,0,0,0.3939,0.6061,ok,
2026-09-11,101,118655,22.0,23.0,45.0,warehouse_1,warehouse_1,Northeast,"Everett, MA",42.402137,-71.069774,Trail Mix Value Pack,Grocery,Snacks,1,0,0,0,0.4889,0.5111,ok,
2026-09-11,101,184230,10.0,13.0,23.0,warehouse_1,warehouse_1,Northeast,"Everett, MA",42.402137,-71.069774,Toilet Paper 30ct,Household,Paper,1,0,0,0,0.4348,0.5652,ok,
2026-09-11,101,184240,4.0,1.0,5.0,warehouse_1,warehouse_1,Northeast,"Everett, MA",42.402137,-71.069774,Disinfecting Wipes 3pk,Household,Cleaning,1,0,0,0,0.8,0.2,ok,
2026-09-11,101,551910,15.0,20.0,35.0,warehouse_1,warehouse_1,Northeast,"Everett, MA",42.402137,-71.069774,Macaroni Salad Tub,Deli,Sides,1,0,0,0,0.4286,0.5714,ok,
2026-09-11,101,551920,16.0,28.0,44.0,warehouse_1,warehouse_1,Northeast,"Everett, MA",42.402137,-71.069774,Turkey Club Sandwich,Deli,Prepared,1,0,0,0,0.3636,0.6364,ok,
2026-09-11,101,774020,21.0,2.0,23.0,warehouse_1,warehouse_1,Northeast,"Everett, MA",42.402137,-71.069774,HDMI Cable 2-Pack,GM,Electronics,1,0,0,0,0.913,0.087,ok,
2026-09-11,101,774030,8.0,7.0,15.0,warehouse_1,warehouse_1,Northeast,"Everett, MA",42.402137,-71.069774,Phone Charger Kit,GM,Electronics,1,0,0,0,0.5333,0.4667,ok,
2026-09-11,101,445890,6.0,17.0,23.0,warehouse_1,warehouse_1,Northeast,"Everett, MA",42.402137,-71.069774,Dryer Sheets 240ct,Household,Laundry,1,0,0,0,0.2609,0.7391,ok,
2026-09-11,101,229050,0.0,38.0,46.0,warehouse_1,warehouse_1,Northeast,"Everett, MA",42.402137,-71.069774,Chicken Breast Tray,Meat,Poultry,1,1,1,1,0.0,1.0,phantom+rescue,Floor pull · recount
2026-09-11,101,229060,0.0,0.0,43.0,warehouse_1,warehouse_1,Northeast,"Everett, MA",42.402137,-71.069774,Atlantic Salmon 2pk,Meat,Seafood,1,1,1,0,,,phantom,Recount / system fix
2026-09-11,101,667310,10.0,1.0,11.0,warehouse_1,warehouse_1,Northeast,"Everett, MA",42.402137,-71.069774,Baby Wipes Soft Pack,Baby,Wipes,1,0,0,0,0.9091,0.0909,ok,
2026-09-11,101,667320,8.0,17.0,25.0,warehouse_1,warehouse_1,Northeast,"Everett, MA",42.402137,-71.069774,Infant Formula Can,Baby,Formula,1,0,0,0,0.32,0.68,ok,
2026-09-11,101,330120,4.0,22.0,26.0,warehouse_1,warehouse_1,Northeast,"Everett, MA",42.402137,-71.069774,Butter Quarters 4pk,Dairy,Butter,1,0,0,0,0.1538,0.8462,ok,
2026-09-11,101,441210,19.0,8.0,27.0,warehouse_1,warehouse_1,Northeast,"Everett, MA",42.402137,-71.069774,Ballpoint Pens 60ct,Office,Writing,1,0,0,0,0.7037,0.2963,ok,
2026-09-11,101,441220,9.0,10.0,19.0,warehouse_1,warehouse_1,Northeast,"Everett, MA",42.402137,-71.069774,Sticky Notes Value,Office,Supplies,1,0,0,0,0.4737,0.5263,ok,
2026-09-11,101,990101,0.0,0.0,0.0,warehouse_1,warehouse_1,Northeast,"Everett, MA",42.402137,-71.069774,Bananas Club Bunch,Produce,Fruit,1,1,0,0,,,true_out,Replenish / order
2026-09-11,101,990110,8.0,26.0,34.0,warehouse_1,warehouse_1,Northeast,"Everett, MA",42.402137,-71.069774,Bag Bag 5lb,Produce,Fruit,1,0,0,0,0.2353,0.7647,ok,
2026-09-11,101,990120,18.0,5.0,23.0,warehouse_1,warehouse_1,Northeast,"Everett, MA",42.402137,-71.069774,Romaine Hearts 3pk,Produce,Veg,1,0,0,0,0.7826,0.2174,ok,
2026-09-11,101,118670,15.0,0.0,15.0,warehouse_1,warehouse_1,Northeast,"Everett, MA",42.402137,-71.069774,Pasta Sauce Twin Pack,Grocery,Pantry,1,0,0,0,1.0,0.0,ok,
2026-09-11,101,118680,10.0,18.0,28.0,warehouse_1,warehouse_1,Northeast,"Everett, MA",42.402137,-71.069774,Olive Oil 2L,Grocery,Pantry,1,0,0,0,0.3571,0.6429,ok,
2026-09-11,101,184250,14.0,4.0,18.0,warehouse_1,warehouse_1,Northeast,"Everett, MA",42.402137,-71.069774,Trash Bags 100ct,Household,Cleaning,1,0,0,0,0.7778,0.2222,ok,
2026-09-11,101,774040,3.0,18.0,21.0,warehouse_1,warehouse_1,Northeast,"Everett, MA",42.402137,-71.069774,LED Bulbs 8pk,GM,Home,1,0,0,0,0.1429,0.8571,ok,
2026-09-11,101,551930,22.0,23.0,45.0,warehouse_1,warehouse_1,Northeast,"Everett, MA",42.402137,-71.069774,Potato Salad Tub,Deli,Sides,1,0,0,0,0.4889,0.5111,ok,
2026-09-11,101,229070,10.0,25.0,35.0,warehouse_1,warehouse_1,Northeast,"Everett, MA",42.402137,-71.069774,Salmon Fillet Pack,Meat,Seafood,1,0,0,0,0.2857,0.7143,ok,
2026-09-11,101,330130,20.0,26.0,46.0,warehouse_1,warehouse_1,Northeast,"Everett, MA",42.402137,-71.069774,Shredded Cheese 2lb,Dairy,Cheese,1,0,0,0,0.4348,0.5652,ok,
2026-09-11,101,667330,20.0,14.0,34.0,warehouse_1,warehouse_1,Northeast,"Everett, MA",42.402137,-71.069774,Toddler Snacks Box,Baby,Food,1,0,0,0,0.5882,0.4118,ok,
2026-09-11,101,441230,14.0,20.0,34.0,warehouse_1,warehouse_1,Northeast,"Everett, MA",42.402137,-71.069774,Binder Clips Assort,Office,Supplies,1,0,0,0,0.4118,0.5882,ok,
2026-09-11,101,990130,20.0,28.0,48.0,warehouse_1,warehouse_1,Northeast,"Everett, MA",42.402137,-71.069774,Blueberries Pint,Produce,Fruit,1,0,0,0,0.4167,0.5833,ok,
2026-09-11,101,118690,5.0,24.0,29.0,warehouse_1,warehouse_1,Northeast,"Everett, MA",42.402137,-71.069774,Coffee Pods 100ct,Grocery,Beverages,1,0,0,0,0.1724,0.8276,ok,
2026-09-11,102,118634,13.0,30.0,43.0,warehouse_2,warehouse_2,Northeast,"Dedham, MA",42.231627,-71.176682,Bottled Water 40pk,Grocery,Beverages,1,0,0,0,0.3023,0.6977,ok,
2026-09-11,102,184220,13.0,27.0,40.0,warehouse_2,warehouse_2,Northeast,"Dedham, MA",42.231627,-71.176682,Paper Towels 12pk,Household,Paper,1,0,0,0,0.325,0.675,ok,
2026-09-11,102,551902,3.0,11.0,14.0,warehouse_2,warehouse_2,Northeast,"Dedham, MA",42.231627,-71.176682,Rotisserie Chicken,Deli,Prepared,1,0,0,0,0.2143,0.7857,ok,
2026-09-11,102,774015,17.0,9.0,26.0,warehouse_2,warehouse_2,Northeast,"Dedham, MA",42.231627,-71.176682,AA Batteries 48ct,GM,Electronics,1,0,0,0,0.6538,0.3462,ok,
2026-09-11,102,445880,22.0,7.0,29.0,warehouse_2,warehouse_2,Northeast,"Dedham, MA",42.231627,-71.176682,Laundry Detergent 2pk,Household,Laundry,1,0,0,0,0.7586,0.2414,ok,
2026-09-11,102,229045,8.0,19.0,27.0,warehouse_2,warehouse_2,Northeast,"Dedham, MA",42.231627,-71.176682,Chicken Breast Family Pack,Meat,Chicken,1,0,0,0,0.2963,0.7037,ok,
2026-09-11,102,667301,0.0,31.0,33.0,warehouse_2,warehouse_2,Northeast,"Dedham, MA",42.231627,-71.176682,Diapers Size 4,Baby,Diapers,1,1,1,1,0.0,1.0,phantom+rescue,Floor pull · recount
2026-09-11,102,330112,20.0,2.0,22.0,warehouse_2,warehouse_2,Northeast,"Dedham, MA",42.231627,-71.176682,Whole Milk Gallon,Dairy,Milk,1,0,0,0,0.9091,0.0909,ok,
2026-09-11,102,330118,19.0,3.0,22.0,warehouse_2,warehouse_2,Northeast,"Dedham, MA",42.231627,-71.176682,Greek Yogurt 12ct,Dairy,Yogurt,1,0,0,0,0.8636,0.1364,ok,
2026-09-11,102,441201,13.0,19.0,32.0,warehouse_2,warehouse_2,Northeast,"Dedham, MA",42.231627,-71.176682,Copy Paper 5-Ream,Office,Paper,1,0,0,0,0.4062,0.5938,ok,
2026-09-11,102,118640,10.0,11.0,21.0,warehouse_2,warehouse_2,Northeast,"Dedham, MA",42.231627,-71.176682,Sparkling Water 24pk,Grocery,Beverages,1,0,0,0,0.4762,0.5238,ok,
2026-09-11,102,118655,21.0,7.0,28.0,warehouse_2,warehouse_2,Northeast,"Dedham, MA",42.231627,-71.176682,Trail Mix Value Pack,Grocery,Snacks,1,0,0,0,0.75,0.25,ok,
2026-09-11,102,184230,7.0,22.0,29.0,warehouse_2,warehouse_2,Northeast,"Dedham, MA",42.231627,-71.176682,Toilet Paper 30ct,Household,Paper,1,0,0,0,0.2414,0.7586,ok,
2026-09-11,102,184240,11.0,3.0,14.0,warehouse_2,warehouse_2,Northeast,"Dedham, MA",42.231627,-71.176682,Disinfecting Wipes 3pk,Household,Cleaning,1,0,0,0,0.7857,0.2143,ok,
2026-09-11,102,551910,18.0,29.0,47.0,warehouse_2,warehouse_2,Northeast,"Dedham, MA",42.231627,-71.176682,Macaroni Salad Tub,Deli,Sides,1,0,0,0,0.383,0.617,ok,
2026-09-11,102,551920,8.0,18.0,26.0,warehouse_2,warehouse_2,Northeast,"Dedham, MA",42.231627,-71.176682,Turkey Club Sandwich,Deli,Prepared,1,0,0,0,0.3077,0.6923,ok,
2026-09-11,102,774020,16.0,17.0,33.0,warehouse_2,warehouse_2,Northeast,"Dedham, MA",42.231627,-71.176682,HDMI Cable 2-Pack,GM,Electronics,1,0,0,0,0.4848,0.5152,ok,
2026-09-11,102,774030,19.0,6.0,25.0,warehouse_2,warehouse_2,Northeast,"Dedham, MA",42.231627,-71.176682,Phone Charger Kit,GM,Electronics,1,0,0,0,0.76,0.24,ok,
2026-09-11,102,445890,8.0,21.0,29.0,warehouse_2,warehouse_2,Northeast,"Dedham, MA",42.231627,-71.176682,Dryer Sheets 240ct,Household,Laundry,1,0,0,0,0.2759,0.7241,ok,
2026-09-11,102,229050,15.0,19.0,34.0,warehouse_2,warehouse_2,Northeast,"Dedham, MA",42.231627,-71.176682,Chicken Breast Tray,Meat,Poultry,1,0,0,0,0.4412,0.5588,ok,
2026-09-11,102,229060,22.0,24.0,46.0,warehouse_2,warehouse_2,Northeast,"Dedham, MA",42.231627,-71.176682,Atlantic Salmon 2pk,Meat,Seafood,1,0,0,0,0.4783,0.5217,ok,
2026-09-11,102,667310,8.0,12.0,20.0,warehouse_2,warehouse_2,Northeast,"Dedham, MA",42.231627,-71.176682,Baby Wipes Soft Pack,Baby,Wipes,1,0,0,0,0.4,0.6,ok,
2026-09-11,102,667320,0.0,0.0,47.0,warehouse_2,warehouse_2,Northeast,"Dedham, MA",42.231627,-71.176682,Infant Formula Can,Baby,Formula,1,1,1,0,,,phantom,Recount / system fix
2026-09-11,102,330120,5.0,19.0,24.0,warehouse_2,warehouse_2,Northeast,"Dedham, MA",42.231627,-71.176682,Butter Quarters 4pk,Dairy,Butter,1,0,0,0,0.2083,0.7917,ok,
2026-09-11,102,441210,5.0,0.0,5.0,warehouse_2,warehouse_2,Northeast,"Dedham, MA",42.231627,-71.176682,Ballpoint Pens 60ct,Office,Writing,1,0,0,0,1.0,0.0,ok,
2026-09-11,102,441220,22.0,5.0,27.0,warehouse_2,warehouse_2,Northeast,"Dedham, MA",42.231627,-71.176682,Sticky Notes Value,Office,Supplies,1,0,0,0,0.8148,0.1852,ok,
2026-09-11,102,990101,7.0,15.0,22.0,warehouse_2,warehouse_2,Northeast,"Dedham, MA",42.231627,-71.176682,Bananas Club Bunch,Produce,Fruit,1,0,0,0,0.3182,0.6818,ok,
2026-09-11,102,990110,15.0,9.0,24.0,warehouse_2,warehouse_2,Northeast,"Dedham, MA",42.231627,-71.176682,Bag Bag 5lb,Produce,Fruit,1,0,0,0,0.625,0.375,ok,
2026-09-11,102,990120,21.0,24.0,45.0,warehouse_2,warehouse_2,Northeast,"Dedham, MA",42.231627,-71.176682,Romaine Hearts 3pk,Produce,Veg,1,0,0,0,0.4667,0.5333,ok,
2026-09-11,102,118670,14.0,24.0,38.0,warehouse_2,warehouse_2,Northeast,"Dedham, MA",42.231627,-71.176682,Pasta Sauce Twin Pack,Grocery,Pantry,1,0,0,0,0.3684,0.6316,ok,
2026-09-11,102,118680,14.0,24.0,38.0,warehouse_2,warehouse_2,Northeast,"Dedham, MA",42.231627,-71.176682,Olive Oil 2L,Grocery,Pantry,1,0,0,0,0.3684,0.6316,ok,
2026-09-11,102,184250,15.0,4.0,19.0,warehouse_2,warehouse_2,Northeast,"Dedham, MA",42.231627,-71.176682,Trash Bags 100ct,Household,Cleaning,1,0,0,0,0.7895,0.2105,ok,
2026-09-11,102,774040,13.0,12.0,25.0,warehouse_2,warehouse_2,Northeast,"Dedham, MA",42.231627,-71.176682,LED Bulbs 8pk,GM,Home,1,0,0,0,0.52,0.48,ok,
2026-09-11,102,551930,6.0,22.0,28.0,warehouse_2,warehouse_2,Northeast,"Dedham, MA",42.231627,-71.176682,Potato Salad Tub,Deli,Sides,1,0,0,0,0.2143,0.7857,ok,
2026-09-11,102,229070,7.0,22.0,29.0,warehouse_2,warehouse_2,Northeast,"Dedham, MA",42.231627,-71.176682,Salmon Fillet Pack,Meat,Seafood,1,0,0,0,0.2414,0.7586,ok,
2026-09-11,102,330130,3.0,12.0,15.0,warehouse_2,warehouse_2,Northeast,"Dedham, MA",42.231627,-71.176682,Shredded Cheese 2lb,Dairy,Cheese,1,0,0,0,0.2,0.8,ok,
2026-09-11,102,667330,19.0,2.0,21.0,warehouse_2,warehouse_2,Northeast,"Dedham, MA",42.231627,-71.176682,Toddler Snacks Box,Baby,Food,1,0,0,0,0.9048,0.0952,ok,
2026-09-11,102,441230,8.0,22.0,30.0,warehouse_2,warehouse_2,Northeast,"Dedham, MA",42.231627,-71.176682,Binder Clips Assort,Office,Supplies,1,0,0,0,0.2667,0.7333,ok,
2026-09-11,102,990130,17.0,8.0,25.0,warehouse_2,warehouse_2,Northeast,"Dedham, MA",42.231627,-71.176682,Blueberries Pint,Produce,Fruit,1,0,0,0,0.68,0.32,ok,
2026-09-11,102,118690,0.0,17.0,26.0,warehouse_2,warehouse_2,Northeast,"Dedham, MA",42.231627,-71.176682,Coffee Pods 100ct,Grocery,Beverages,1,1,1,1,0.0,1.0,phantom+rescue,Floor pull · recount
2026-09-11,103,118634,21.0,7.0,28.0,warehouse_3,warehouse_3,Northeast,"Waltham, MA",42.39436,-71.265464,Bottled Water 40pk,Grocery,Beverages,1,0,0,0,0.75,0.25,ok,
2026-09-11,103,184220,6.0,15.0,21.0,warehouse_3,warehouse_3,Northeast,"Waltham, MA",42.39436,-71.265464,Paper Towels 12pk,Household,Paper,1,0,0,0,0.2857,0.7143,ok,
2026-09-11,103,551902,16.0,15.0,31.0,warehouse_3,warehouse_3,Northeast,"Waltham, MA",42.39436,-71.265464,Rotisserie Chicken,Deli,Prepared,1,0,0,0,0.5161,0.4839,ok,
2026-09-11,103,774015,3.0,27.0,30.0,warehouse_3,warehouse_3,Northeast,"Waltham, MA",42.39436,-71.265464,AA Batteries 48ct,GM,Electronics,1,0,0,0,0.1,0.9,ok,
2026-09-11,103,445880,17.0,11.0,28.0,warehouse_3,warehouse_3,Northeast,"Waltham, MA",42.39436,-71.265464,Laundry Detergent 2pk,Household,Laundry,1,0,0,0,0.6071,0.3929,ok,
2026-09-11,103,229045,5.0,2.0,7.0,warehouse_3,warehouse_3,Northeast,"Waltham, MA",42.39436,-71.265464,Chicken Breast Family Pack,Meat,Chicken,1,0,0,0,0.7143,0.2857,ok,
2026-09-11,103,667301,7.0,21.0,28.0,warehouse_3,warehouse_3,Northeast,"Waltham, MA",42.39436,-71.265464,Diapers Size 4,Baby,Diapers,1,0,0,0,0.25,0.75,ok,
2026-09-11,103,330112,0.0,15.0,23.0,warehouse_3,warehouse_3,Northeast,"Waltham, MA",42.39436,-71.265464,Whole Milk Gallon,Dairy,Milk,1,1,1,1,0.0,1.0,phantom+rescue,Floor pull · recount
2026-09-11,103,330118,3.0,26.0,29.0,warehouse_3,warehouse_3,Northeast,"Waltham, MA",42.39436,-71.265464,Greek Yogurt 12ct,Dairy,Yogurt,1,0,0,0,0.1034,0.8966,ok,
2026-09-11,103,441201,6.0,29.0,35.0,warehouse_3,warehouse_3,Northeast,"Waltham, MA",42.39436,-71.265464,Copy Paper 5-Ream,Office,Paper,1,0,0,0,0.1714,0.8286,ok,
2026-09-11,103,118640,9.0,29.0,38.0,warehouse_3,warehouse_3,Northeast,"Waltham, MA",42.39436,-71.265464,Sparkling Water 24pk,Grocery,Beverages,1,0,0,0,0.2368,0.7632,ok,
2026-09-11,103,118655,9.0,15.0,24.0,warehouse_3,warehouse_3,Northeast,"Waltham, MA",42.39436,-71.265464,Trail Mix Value Pack,Grocery,Snacks,1,0,0,0,0.375,0.625,ok,
2026-09-11,103,184230,13.0,28.0,41.0,warehouse_3,warehouse_3,Northeast,"Waltham, MA",42.39436,-71.265464,Toilet Paper 30ct,Household,Paper,1,0,0,0,0.3171,0.6829,ok,
2026-09-11,103,184240,10.0,26.0,36.0,warehouse_3,warehouse_3,Northeast,"Waltham, MA",42.39436,-71.265464,Disinfecting Wipes 3pk,Household,Cleaning,1,0,0,0,0.2778,0.7222,ok,
2026-09-11,103,551910,21.0,0.0,21.0,warehouse_3,warehouse_3,Northeast,"Waltham, MA",42.39436,-71.265464,Macaroni Salad Tub,Deli,Sides,1,0,0,0,1.0,0.0,ok,
2026-09-11,103,551920,15.0,0.0,15.0,warehouse_3,warehouse_3,Northeast,"Waltham, MA",42.39436,-71.265464,Turkey Club Sandwich,Deli,Prepared,1,0,0,0,1.0,0.0,ok,
2026-09-11,103,774020,19.0,7.0,26.0,warehouse_3,warehouse_3,Northeast,"Waltham, MA",42.39436,-71.265464,HDMI Cable 2-Pack,GM,Electronics,1,0,0,0,0.7308,0.2692,ok,
2026-09-11,103,774030,0.0,0.0,43.0,warehouse_3,warehouse_3,Northeast,"Waltham, MA",42.39436,-71.265464,Phone Charger Kit,GM,Electronics,1,1,1,0,,,phantom,Recount / system fix
2026-09-11,103,445890,17.0,21.0,38.0,warehouse_3,warehouse_3,Northeast,"Waltham, MA",42.39436,-71.265464,Dryer Sheets 240ct,Household,Laundry,1,0,0,0,0.4474,0.5526,ok,
2026-09-11,103,229050,7.0,16.0,23.0,warehouse_3,warehouse_3,Northeast,"Waltham, MA",42.39436,-71.265464,Chicken Breast Tray,Meat,Poultry,1,0,0,0,0.3043,0.6957,ok,
2026-09-11,103,229060,16.0,9.0,25.0,warehouse_3,warehouse_3,Northeast,"Waltham, MA",42.39436,-71.265464,Atlantic Salmon 2pk,Meat,Seafood,1,0,0,0,0.64,0.36,ok,
2026-09-11,103,667310,17.0,26.0,43.0,warehouse_3,warehouse_3,Northeast,"Waltham, MA",42.39436,-71.265464,Baby Wipes Soft Pack,Baby,Wipes,1,0,0,0,0.3953,0.6047,ok,
2026-09-11,103,667320,0.0,26.0,39.0,warehouse_3,warehouse_3,Northeast,"Waltham, MA",42.39436,-71.265464,Infant Formula Can,Baby,Formula,1,1,1,1,0.0,1.0,phantom+rescue,Floor pull · recount
2026-09-11,103,330120,20.0,11.0,31.0,warehouse_3,warehouse_3,Northeast,"Waltham, MA",42.39436,-71.265464,Butter Quarters 4pk,Dairy,Butter,1,0,0,0,0.6452,0.3548,ok,
2026-09-11,103,441210,9.0,6.0,15.0,warehouse_3,warehouse_3,Northeast,"Waltham, MA",42.39436,-71.265464,Ballpoint Pens 60ct,Office,Writing,1,0,0,0,0.6,0.4,ok,
2026-09-11,103,441220,0.0,0.0,0.0,warehouse_3,warehouse_3,Northeast,"Waltham, MA",42.39436,-71.265464,Sticky Notes Value,Office,Supplies,1,1,0,0,,,true_out,Replenish / order
2026-09-11,103,990101,12.0,16.0,28.0,warehouse_3,warehouse_3,Northeast,"Waltham, MA",42.39436,-71.265464,Bananas Club Bunch,Produce,Fruit,1,0,0,0,0.4286,0.5714,ok,
2026-09-11,103,990110,18.0,24.0,42.0,warehouse_3,warehouse_3,Northeast,"Waltham, MA",42.39436,-71.265464,Bag Bag 5lb,Produce,Fruit,1,0,0,0,0.4286,0.5714,ok,
2026-09-11,103,990120,6.0,0.0,6.0,warehouse_3,warehouse_3,Northeast,"Waltham, MA",42.39436,-71.265464,Romaine Hearts 3pk,Produce,Veg,1,0,0,0,1.0,0.0,ok,
2026-09-11,103,118670,11.0,28.0,39.0,warehouse_3,warehouse_3,Northeast,"Waltham, MA",42.39436,-71.265464,Pasta Sauce Twin Pack,Grocery,Pantry,1,0,0,0,0.2821,0.7179,ok,
2026-09-11,103,118680,21.0,11.0,32.0,warehouse_3,warehouse_3,Northeast,"Waltham, MA",42.39436,-71.265464,Olive Oil 2L,Grocery,Pantry,1,0,0,0,0.6562,0.3438,ok,
2026-09-11,103,184250,22.0,21.0,43.0,warehouse_3,warehouse_3,Northeast,"Waltham, MA",42.39436,-71.265464,Trash Bags 100ct,Household,Cleaning,1,0,0,0,0.5116,0.4884,ok,
2026-09-11,103,774040,14.0,26.0,40.0,warehouse_3,warehouse_3,Northeast,"Waltham, MA",42.39436,-71.265464,LED Bulbs 8pk,GM,Home,1,0,0,0,0.35,0.65,ok,
2026-09-11,103,551930,9.0,24.0,33.0,warehouse_3,warehouse_3,Northeast,"Waltham, MA",42.39436,-71.265464,Potato Salad Tub,Deli,Sides,1,0,0,0,0.2727,0.7273,ok,
2026-09-11,103,229070,15.0,14.0,29.0,warehouse_3,warehouse_3,Northeast,"Waltham, MA",42.39436,-71.265464,Salmon Fillet Pack,Meat,Seafood,1,0,0,0,0.5172,0.4828,ok,
2026-09-11,103,330130,5.0,0.0,5.0,warehouse_3,warehouse_3,Northeast,"Waltham, MA",42.39436,-71.265464,Shredded Cheese 2lb,Dairy,Cheese,1,0,0,0,1.0,0.0,ok,
2026-09-11,103,667330,22.0,13.0,35.0,warehouse_3,warehouse_3,Northeast,"Waltham, MA",42.39436,-71.265464,Toddler Snacks Box,Baby,Food,1,0,0,0,0.6286,0.3714,ok,
2026-09-11,103,441230,5.0,17.0,22.0,warehouse_3,warehouse_3,Northeast,"Waltham, MA",42.39436,-71.265464,Binder Clips Assort,Office,Supplies,1,0,0,0,0.2273,0.7727,ok,
2026-09-11,103,990130,13.0,5.0,18.0,warehouse_3,warehouse_3,Northeast,"Waltham, MA",42.39436,-71.265464,Blueberries Pint,Produce,Fruit,1,0,0,0,0.7222,0.2778,ok,
2026-09-11,103,118690,7.0,22.0,29.0,warehouse_3,warehouse_3,Northeast,"Waltham, MA",42.39436,-71.265464,Coffee Pods 100ct,Grocery,Beverages,1,0,0,0,0.2414,0.7586,ok,
2026-09-12,101,118634,5.0,0.0,5.0,warehouse_1,warehouse_1,Northeast,"Everett, MA",42.402137,-71.069774,Bottled Water 40pk,Grocery,Beverages,1,0,0,0,1.0,0.0,ok,
2026-09-12,101,184220,4.0,15.0,19.0,warehouse_1,warehouse_1,Northeast,"Everett, MA",42.402137,-71.069774,Paper Towels 12pk,Household,Paper,1,0,0,0,0.2105,0.7895,ok,
2026-09-12,101,551902,14.0,0.0,14.0,warehouse_1,warehouse_1,Northeast,"Everett, MA",42.402137,-71.069774,Rotisserie Chicken,Deli,Prepared,1,0,0,0,1.0,0.0,ok,
2026-09-12,101,774015,3.0,9.0,12.0,warehouse_1,warehouse_1,Northeast,"Everett, MA",42.402137,-71.069774,AA Batteries 48ct,GM,Electronics,1,0,0,0,0.25,0.75,ok,
2026-09-12,101,445880,20.0,25.0,45.0,warehouse_1,warehouse_1,Northeast,"Everett, MA",42.402137,-71.069774,Laundry Detergent 2pk,Household,Laundry,1,0,0,0,0.4444,0.5556,ok,
2026-09-12,101,229045,4.0,23.0,27.0,warehouse_1,warehouse_1,Northeast,"Everett, MA",42.402137,-71.069774,Chicken Breast Family Pack,Meat,Chicken,1,0,0,0,0.1481,0.8519,ok,
2026-09-12,101,667301,10.0,7.0,17.0,warehouse_1,warehouse_1,Northeast,"Everett, MA",42.402137,-71.069774,Diapers Size 4,Baby,Diapers,1,0,0,0,0.5882,0.4118,ok,
2026-09-12,101,330112,21.0,7.0,28.0,warehouse_1,warehouse_1,Northeast,"Everett, MA",42.402137,-71.069774,Whole Milk Gallon,Dairy,Milk,1,0,0,0,0.75,0.25,ok,
2026-09-12,101,330118,11.0,12.0,23.0,warehouse_1,warehouse_1,Northeast,"Everett, MA",42.402137,-71.069774,Greek Yogurt 12ct,Dairy,Yogurt,1,0,0,0,0.4783,0.5217,ok,
2026-09-12,101,441201,17.0,14.0,31.0,warehouse_1,warehouse_1,Northeast,"Everett, MA",42.402137,-71.069774,Copy Paper 5-Ream,Office,Paper,1,0,0,0,0.5484,0.4516,ok,
2026-09-12,101,118640,0.0,11.0,47.0,warehouse_1,warehouse_1,Northeast,"Everett, MA",42.402137,-71.069774,Sparkling Water 24pk,Grocery,Beverages,1,1,1,1,0.0,1.0,phantom+rescue,Floor pull · recount
2026-09-12,101,118655,13.0,7.0,20.0,warehouse_1,warehouse_1,Northeast,"Everett, MA",42.402137,-71.069774,Trail Mix Value Pack,Grocery,Snacks,1,0,0,0,0.65,0.35,ok,
2026-09-12,101,184230,13.0,10.0,23.0,warehouse_1,warehouse_1,Northeast,"Everett, MA",42.402137,-71.069774,Toilet Paper 30ct,Household,Paper,1,0,0,0,0.5652,0.4348,ok,
2026-09-12,101,184240,17.0,0.0,17.0,warehouse_1,warehouse_1,Northeast,"Everett, MA",42.402137,-71.069774,Disinfecting Wipes 3pk,Household,Cleaning,1,0,0,0,1.0,0.0,ok,
2026-09-12,101,551910,7.0,28.0,35.0,warehouse_1,warehouse_1,Northeast,"Everett, MA",42.402137,-71.069774,Macaroni Salad Tub,Deli,Sides,1,0,0,0,0.2,0.8,ok,
2026-09-12,101,551920,14.0,23.0,37.0,warehouse_1,warehouse_1,Northeast,"Everett, MA",42.402137,-71.069774,Turkey Club Sandwich,Deli,Prepared,1,0,0,0,0.3784,0.6216,ok,
2026-09-12,101,774020,10.0,4.0,14.0,warehouse_1,warehouse_1,Northeast,"Everett, MA",42.402137,-71.069774,HDMI Cable 2-Pack,GM,Electronics,1,0,0,0,0.7143,0.2857,ok,
2026-09-12,101,774030,11.0,5.0,16.0,warehouse_1,warehouse_1,Northeast,"Everett, MA",42.402137,-71.069774,Phone Charger Kit,GM,Electronics,1,0,0,0,0.6875,0.3125,ok,
2026-09-12,101,445890,7.0,13.0,20.0,warehouse_1,warehouse_1,Northeast,"Everett, MA",42.402137,-71.069774,Dryer Sheets 240ct,Household,Laundry,1,0,0,0,0.35,0.65,ok,
2026-09-12,101,229050,10.0,13.0,23.0,warehouse_1,warehouse_1,Northeast,"Everett, MA",42.402137,-71.069774,Chicken Breast Tray,Meat,Poultry,1,0,0,0,0.4348,0.5652,ok,
2026-09-12,101,229060,11.0,20.0,31.0,warehouse_1,warehouse_1,Northeast,"Everett, MA",42.402137,-71.069774,Atlantic Salmon 2pk,Meat,Seafood,1,0,0,0,0.3548,0.6452,ok,
2026-09-12,101,667310,4.0,10.0,14.0,warehouse_1,warehouse_1,Northeast,"Everett, MA",42.402137,-71.069774,Baby Wipes Soft Pack,Baby,Wipes,1,0,0,0,0.2857,0.7143,ok,
2026-09-12,101,667320,19.0,13.0,32.0,warehouse_1,warehouse_1,Northeast,"Everett, MA",42.402137,-71.069774,Infant Formula Can,Baby,Formula,1,0,0,0,0.5938,0.4062,ok,
2026-09-12,101,330120,12.0,0.0,12.0,warehouse_1,warehouse_1,Northeast,"Everett, MA",42.402137,-71.069774,Butter Quarters 4pk,Dairy,Butter,1,0,0,0,1.0,0.0,ok,
2026-09-12,101,441210,4.0,28.0,32.0,warehouse_1,warehouse_1,Northeast,"Everett, MA",42.402137,-71.069774,Ballpoint Pens 60ct,Office,Writing,1,0,0,0,0.125,0.875,ok,
2026-09-12,101,441220,10.0,15.0,25.0,warehouse_1,warehouse_1,Northeast,"Everett, MA",42.402137,-71.069774,Sticky Notes Value,Office,Supplies,1,0,0,0,0.4,0.6,ok,
2026-09-12,101,990101,4.0,27.0,31.0,warehouse_1,warehouse_1,Northeast,"Everett, MA",42.402137,-71.069774,Bananas Club Bunch,Produce,Fruit,1,0,0,0,0.129,0.871,ok,
2026-09-12,101,990110,17.0,3.0,20.0,warehouse_1,warehouse_1,Northeast,"Everett, MA",42.402137,-71.069774,Bag Bag 5lb,Produce,Fruit,1,0,0,0,0.85,0.15,ok,
2026-09-12,101,990120,0.0,0.0,0.0,warehouse_1,warehouse_1,Northeast,"Everett, MA",42.402137,-71.069774,Romaine Hearts 3pk,Produce,Veg,1,1,0,0,,,true_out,Replenish / order
2026-09-12,101,118670,16.0,27.0,43.0,warehouse_1,warehouse_1,Northeast,"Everett, MA",42.402137,-71.069774,Pasta Sauce Twin Pack,Grocery,Pantry,1,0,0,0,0.3721,0.6279,ok,
2026-09-12,101,118680,19.0,20.0,39.0,warehouse_1,warehouse_1,Northeast,"Everett, MA",42.402137,-71.069774,Olive Oil 2L,Grocery,Pantry,1,0,0,0,0.4872,0.5128,ok,
2026-09-12,101,184250,16.0,18.0,34.0,warehouse_1,warehouse_1,Northeast,"Everett, MA",42.402137,-71.069774,Trash Bags 100ct,Household,Cleaning,1,0,0,0,0.4706,0.5294,ok,
2026-09-12,101,774040,18.0,27.0,45.0,warehouse_1,warehouse_1,Northeast,"Everett, MA",42.402137,-71.069774,LED Bulbs 8pk,GM,Home,1,0,0,0,0.4,0.6,ok,
2026-09-12,101,551930,14.0,17.0,31.0,warehouse_1,warehouse_1,Northeast,"Everett, MA",42.402137,-71.069774,Potato Salad Tub,Deli,Sides,1,0,0,0,0.4516,0.5484,ok,
2026-09-12,101,229070,4.0,8.0,12.0,warehouse_1,warehouse_1,Northeast,"Everett, MA",42.402137,-71.069774,Salmon Fillet Pack,Meat,Seafood,1,0,0,0,0.3333,0.6667,ok,
2026-09-12,101,330130,14.0,8.0,22.0,warehouse_1,warehouse_1,Northeast,"Everett, MA",42.402137,-71.069774,Shredded Cheese 2lb,Dairy,Cheese,1,0,0,0,0.6364,0.3636,ok,
2026-09-12,101,667330,3.0,23.0,26.0,warehouse_1,warehouse_1,Northeast,"Everett, MA",42.402137,-71.069774,Toddler Snacks Box,Baby,Food,1,0,0,0,0.1154,0.8846,ok,
2026-09-12,101,441230,20.0,24.0,44.0,warehouse_1,warehouse_1,Northeast,"Everett, MA",42.402137,-71.069774,Binder Clips Assort,Office,Supplies,1,0,0,0,0.4545,0.5455,ok,
2026-09-12,101,990130,22.0,23.0,45.0,warehouse_1,warehouse_1,Northeast,"Everett, MA",42.402137,-71.069774,Blueberries Pint,Produce,Fruit,1,0,0,0,0.4889,0.5111,ok,
2026-09-12,101,118690,11.0,16.0,27.0,warehouse_1,warehouse_1,Northeast,"Everett, MA",42.402137,-71.069774,Coffee Pods 100ct,Grocery,Beverages,1,0,0,0,0.4074,0.5926,ok,
2026-09-12,102,118634,22.0,20.0,42.0,warehouse_2,warehouse_2,Northeast,"Dedham, MA",42.231627,-71.176682,Bottled Water 40pk,Grocery,Beverages,1,0,0,0,0.5238,0.4762,ok,
2026-09-12,102,184220,5.0,24.0,29.0,warehouse_2,warehouse_2,Northeast,"Dedham, MA",42.231627,-71.176682,Paper Towels 12pk,Household,Paper,1,0,0,0,0.1724,0.8276,ok,
2026-09-12,102,551902,8.0,25.0,33.0,warehouse_2,warehouse_2,Northeast,"Dedham, MA",42.231627,-71.176682,Rotisserie Chicken,Deli,Prepared,1,0,0,0,0.2424,0.7576,ok,
2026-09-12,102,774015,7.0,5.0,12.0,warehouse_2,warehouse_2,Northeast,"Dedham, MA",42.231627,-71.176682,AA Batteries 48ct,GM,Electronics,1,0,0,0,0.5833,0.4167,ok,
2026-09-12,102,445880,14.0,27.0,41.0,warehouse_2,warehouse_2,Northeast,"Dedham, MA",42.231627,-71.176682,Laundry Detergent 2pk,Household,Laundry,1,0,0,0,0.3415,0.6585,ok,
2026-09-12,102,229045,19.0,16.0,35.0,warehouse_2,warehouse_2,Northeast,"Dedham, MA",42.231627,-71.176682,Chicken Breast Family Pack,Meat,Chicken,1,0,0,0,0.5429,0.4571,ok,
2026-09-12,102,667301,16.0,12.0,28.0,warehouse_2,warehouse_2,Northeast,"Dedham, MA",42.231627,-71.176682,Diapers Size 4,Baby,Diapers,1,0,0,0,0.5714,0.4286,ok,
2026-09-12,102,330112,9.0,17.0,26.0,warehouse_2,warehouse_2,Northeast,"Dedham, MA",42.231627,-71.176682,Whole Milk Gallon,Dairy,Milk,1,0,0,0,0.3462,0.6538,ok,
2026-09-12,102,330118,20.0,16.0,36.0,warehouse_2,warehouse_2,Northeast,"Dedham, MA",42.231627,-71.176682,Greek Yogurt 12ct,Dairy,Yogurt,1,0,0,0,0.5556,0.4444,ok,
2026-09-12,102,441201,7.0,26.0,33.0,warehouse_2,warehouse_2,Northeast,"Dedham, MA",42.231627,-71.176682,Copy Paper 5-Ream,Office,Paper,1,0,0,0,0.2121,0.7879,ok,
2026-09-12,102,118640,4.0,8.0,12.0,warehouse_2,warehouse_2,Northeast,"Dedham, MA",42.231627,-71.176682,Sparkling Water 24pk,Grocery,Beverages,1,0,0,0,0.3333,0.6667,ok,
2026-09-12,102,118655,9.0,5.0,14.0,warehouse_2,warehouse_2,Northeast,"Dedham, MA",42.231627,-71.176682,Trail Mix Value Pack,Grocery,Snacks,1,0,0,0,0.6429,0.3571,ok,
2026-09-12,102,184230,17.0,0.0,17.0,warehouse_2,warehouse_2,Northeast,"Dedham, MA",42.231627,-71.176682,Toilet Paper 30ct,Household,Paper,1,0,0,0,1.0,0.0,ok,
2026-09-12,102,184240,8.0,21.0,29.0,warehouse_2,warehouse_2,Northeast,"Dedham, MA",42.231627,-71.176682,Disinfecting Wipes 3pk,Household,Cleaning,1,0,0,0,0.2759,0.7241,ok,
2026-09-12,102,551910,8.0,7.0,15.0,warehouse_2,warehouse_2,Northeast,"Dedham, MA",42.231627,-71.176682,Macaroni Salad Tub,Deli,Sides,1,0,0,0,0.5333,0.4667,ok,
2026-09-12,102,551920,13.0,3.0,16.0,warehouse_2,warehouse_2,Northeast,"Dedham, MA",42.231627,-71.176682,Turkey Club Sandwich,Deli,Prepared,1,0,0,0,0.8125,0.1875,ok,
2026-09-12,102,774020,3.0,18.0,21.0,warehouse_2,warehouse_2,Northeast,"Dedham, MA",42.231627,-71.176682,HDMI Cable 2-Pack,GM,Electronics,1,0,0,0,0.1429,0.8571,ok,
2026-09-12,102,774030,7.0,19.0,26.0,warehouse_2,warehouse_2,Northeast,"Dedham, MA",42.231627,-71.176682,Phone Charger Kit,GM,Electronics,1,0,0,0,0.2692,0.7308,ok,
2026-09-12,102,445890,11.0,26.0,37.0,warehouse_2,warehouse_2,Northeast,"Dedham, MA",42.231627,-71.176682,Dryer Sheets 240ct,Household,Laundry,1,0,0,0,0.2973,0.7027,ok,
2026-09-12,102,229050,4.0,30.0,34.0,warehouse_2,warehouse_2,Northeast,"Dedham, MA",42.231627,-71.176682,Chicken Breast Tray,Meat,Poultry,1,0,0,0,0.1176,0.8824,ok,
2026-09-12,102,229060,16.0,20.0,36.0,warehouse_2,warehouse_2,Northeast,"Dedham, MA",42.231627,-71.176682,Atlantic Salmon 2pk,Meat,Seafood,1,0,0,0,0.4444,0.5556,ok,
2026-09-12,102,667310,21.0,2.0,23.0,warehouse_2,warehouse_2,Northeast,"Dedham, MA",42.231627,-71.176682,Baby Wipes Soft Pack,Baby,Wipes,1,0,0,0,0.913,0.087,ok,
2026-09-12,102,667320,6.0,20.0,26.0,warehouse_2,warehouse_2,Northeast,"Dedham, MA",42.231627,-71.176682,Infant Formula Can,Baby,Formula,1,0,0,0,0.2308,0.7692,ok,
2026-09-12,102,330120,21.0,5.0,26.0,warehouse_2,warehouse_2,Northeast,"Dedham, MA",42.231627,-71.176682,Butter Quarters 4pk,Dairy,Butter,1,0,0,0,0.8077,0.1923,ok,
2026-09-12,102,441210,20.0,29.0,49.0,warehouse_2,warehouse_2,Northeast,"Dedham, MA",42.231627,-71.176682,Ballpoint Pens 60ct,Office,Writing,1,0,0,0,0.4082,0.5918,ok,
2026-09-12,102,441220,12.0,2.0,14.0,warehouse_2,warehouse_2,Northeast,"Dedham, MA",42.231627,-71.176682,Sticky Notes Value,Office,Supplies,1,0,0,0,0.8571,0.1429,ok,
2026-09-12,102,990101,8.0,23.0,31.0,warehouse_2,warehouse_2,Northeast,"Dedham, MA",42.231627,-71.176682,Bananas Club Bunch,Produce,Fruit,1,0,0,0,0.2581,0.7419,ok,
2026-09-12,102,990110,7.0,8.0,15.0,warehouse_2,warehouse_2,Northeast,"Dedham, MA",42.231627,-71.176682,Bag Bag 5lb,Produce,Fruit,1,0,0,0,0.4667,0.5333,ok,
2026-09-12,102,990120,3.0,15.0,18.0,warehouse_2,warehouse_2,Northeast,"Dedham, MA",42.231627,-71.176682,Romaine Hearts 3pk,Produce,Veg,1,0,0,0,0.1667,0.8333,ok,
2026-09-12,102,118670,13.0,27.0,40.0,warehouse_2,warehouse_2,Northeast,"Dedham, MA",42.231627,-71.176682,Pasta Sauce Twin Pack,Grocery,Pantry,1,0,0,0,0.325,0.675,ok,
2026-09-12,102,118680,15.0,20.0,35.0,warehouse_2,warehouse_2,Northeast,"Dedham, MA",42.231627,-71.176682,Olive Oil 2L,Grocery,Pantry,1,0,0,0,0.4286,0.5714,ok,
2026-09-12,102,184250,12.0,10.0,22.0,warehouse_2,warehouse_2,Northeast,"Dedham, MA",42.231627,-71.176682,Trash Bags 100ct,Household,Cleaning,1,0,0,0,0.5455,0.4545,ok,
2026-09-12,102,774040,14.0,8.0,22.0,warehouse_2,warehouse_2,Northeast,"Dedham, MA",42.231627,-71.176682,LED Bulbs 8pk,GM,Home,1,0,0,0,0.6364,0.3636,ok,
2026-09-12,102,551930,7.0,16.0,23.0,warehouse_2,warehouse_2,Northeast,"Dedham, MA",42.231627,-71.176682,Potato Salad Tub,Deli,Sides,1,0,0,0,0.3043,0.6957,ok,
2026-09-12,102,229070,9.0,11.0,20.0,warehouse_2,warehouse_2,Northeast,"Dedham, MA",42.231627,-71.176682,Salmon Fillet Pack,Meat,Seafood,1,0,0,0,0.45,0.55,ok,
2026-09-12,102,330130,0.0,21.0,27.0,warehouse_2,warehouse_2,Northeast,"Dedham, MA",42.231627,-71.176682,Shredded Cheese 2lb,Dairy,Cheese,1,1,1,1,0.0,1.0,phantom+rescue,Floor pull · recount
2026-09-12,102,667330,22.0,18.0,40.0,warehouse_2,warehouse_2,Northeast,"Dedham, MA",42.231627,-71.176682,Toddler Snacks Box,Baby,Food,1,0,0,0,0.55,0.45,ok,
2026-09-12,102,441230,20.0,27.0,47.0,warehouse_2,warehouse_2,Northeast,"Dedham, MA",42.231627,-71.176682,Binder Clips Assort,Office,Supplies,1,0,0,0,0.4255,0.5745,ok,
2026-09-12,102,990130,16.0,11.0,27.0,warehouse_2,warehouse_2,Northeast,"Dedham, MA",42.231627,-71.176682,Blueberries Pint,Produce,Fruit,1,0,0,0,0.5926,0.4074,ok,
2026-09-12,102,118690,0.0,0.0,0.0,warehouse_2,warehouse_2,Northeast,"Dedham, MA",42.231627,-71.176682,Coffee Pods 100ct,Grocery,Beverages,1,1,0,0,,,true_out,Replenish / order
2026-09-12,103,118634,5.0,22.0,27.0,warehouse_3,warehouse_3,Northeast,"Waltham, MA",42.39436,-71.265464,Bottled Water 40pk,Grocery,Beverages,1,0,0,0,0.1852,0.8148,ok,
2026-09-12,103,184220,3.0,12.0,15.0,warehouse_3,warehouse_3,Northeast,"Waltham, MA",42.39436,-71.265464,Paper Towels 12pk,Household,Paper,1,0,0,0,0.2,0.8,ok,
2026-09-12,103,551902,20.0,0.0,20.0,warehouse_3,warehouse_3,Northeast,"Waltham, MA",42.39436,-71.265464,Rotisserie Chicken,Deli,Prepared,1,0,0,0,1.0,0.0,ok,
2026-09-12,103,774015,7.0,20.0,27.0,warehouse_3,warehouse_3,Northeast,"Waltham, MA",42.39436,-71.265464,AA Batteries 48ct,GM,Electronics,1,0,0,0,0.2593,0.7407,ok,
2026-09-12,103,445880,20.0,5.0,25.0,warehouse_3,warehouse_3,Northeast,"Waltham, MA",42.39436,-71.265464,Laundry Detergent 2pk,Household,Laundry,1,0,0,0,0.8,0.2,ok,
2026-09-12,103,229045,16.0,25.0,41.0,warehouse_3,warehouse_3,Northeast,"Waltham, MA",42.39436,-71.265464,Chicken Breast Family Pack,Meat,Chicken,1,0,0,0,0.3902,0.6098,ok,
2026-09-12,103,667301,8.0,15.0,23.0,warehouse_3,warehouse_3,Northeast,"Waltham, MA",42.39436,-71.265464,Diapers Size 4,Baby,Diapers,1,0,0,0,0.3478,0.6522,ok,
2026-09-12,103,330112,4.0,2.0,6.0,warehouse_3,warehouse_3,Northeast,"Waltham, MA",42.39436,-71.265464,Whole Milk Gallon,Dairy,Milk,1,0,0,0,0.6667,0.3333,ok,
2026-09-12,103,330118,11.0,5.0,16.0,warehouse_3,warehouse_3,Northeast,"Waltham, MA",42.39436,-71.265464,Greek Yogurt 12ct,Dairy,Yogurt,1,0,0,0,0.6875,0.3125,ok,
2026-09-12,103,441201,16.0,15.0,31.0,warehouse_3,warehouse_3,Northeast,"Waltham, MA",42.39436,-71.265464,Copy Paper 5-Ream,Office,Paper,1,0,0,0,0.5161,0.4839,ok,
2026-09-12,103,118640,14.0,9.0,23.0,warehouse_3,warehouse_3,Northeast,"Waltham, MA",42.39436,-71.265464,Sparkling Water 24pk,Grocery,Beverages,1,0,0,0,0.6087,0.3913,ok,
2026-09-12,103,118655,22.0,25.0,47.0,warehouse_3,warehouse_3,Northeast,"Waltham, MA",42.39436,-71.265464,Trail Mix Value Pack,Grocery,Snacks,1,0,0,0,0.4681,0.5319,ok,
2026-09-12,103,184230,6.0,3.0,9.0,warehouse_3,warehouse_3,Northeast,"Waltham, MA",42.39436,-71.265464,Toilet Paper 30ct,Household,Paper,1,0,0,0,0.6667,0.3333,ok,
2026-09-12,103,184240,8.0,18.0,26.0,warehouse_3,warehouse_3,Northeast,"Waltham, MA",42.39436,-71.265464,Disinfecting Wipes 3pk,Household,Cleaning,1,0,0,0,0.3077,0.6923,ok,
2026-09-12,103,551910,8.0,22.0,30.0,warehouse_3,warehouse_3,Northeast,"Waltham, MA",42.39436,-71.265464,Macaroni Salad Tub,Deli,Sides,1,0,0,0,0.2667,0.7333,ok,
2026-09-12,103,551920,18.0,21.0,39.0,warehouse_3,warehouse_3,Northeast,"Waltham, MA",42.39436,-71.265464,Turkey Club Sandwich,Deli,Prepared,1,0,0,0,0.4615,0.5385,ok,
2026-09-12,103,774020,13.0,28.0,41.0,warehouse_3,warehouse_3,Northeast,"Waltham, MA",42.39436,-71.265464,HDMI Cable 2-Pack,GM,Electronics,1,0,0,0,0.3171,0.6829,ok,
2026-09-12,103,774030,13.0,19.0,32.0,warehouse_3,warehouse_3,Northeast,"Waltham, MA",42.39436,-71.265464,Phone Charger Kit,GM,Electronics,1,0,0,0,0.4062,0.5938,ok,
2026-09-12,103,445890,10.0,1.0,11.0,warehouse_3,warehouse_3,Northeast,"Waltham, MA",42.39436,-71.265464,Dryer Sheets 240ct,Household,Laundry,1,0,0,0,0.9091,0.0909,ok,
2026-09-12,103,229050,19.0,2.0,21.0,warehouse_3,warehouse_3,Northeast,"Waltham, MA",42.39436,-71.265464,Chicken Breast Tray,Meat,Poultry,1,0,0,0,0.9048,0.0952,ok,
2026-09-12,103,229060,0.0,16.0,25.0,warehouse_3,warehouse_3,Northeast,"Waltham, MA",42.39436,-71.265464,Atlantic Salmon 2pk,Meat,Seafood,1,1,1,1,0.0,1.0,phantom+rescue,Floor pull · recount
2026-09-12,103,667310,22.0,14.0,36.0,warehouse_3,warehouse_3,Northeast,"Waltham, MA",42.39436,-71.265464,Baby Wipes Soft Pack,Baby,Wipes,1,0,0,0,0.6111,0.3889,ok,
2026-09-12,103,667320,7.0,4.0,11.0,warehouse_3,warehouse_3,Northeast,"Waltham, MA",42.39436,-71.265464,Infant Formula Can,Baby,Formula,1,0,0,0,0.6364,0.3636,ok,
2026-09-12,103,330120,8.0,7.0,15.0,warehouse_3,warehouse_3,Northeast,"Waltham, MA",42.39436,-71.265464,Butter Quarters 4pk,Dairy,Butter,1,0,0,0,0.5333,0.4667,ok,
2026-09-12,103,441210,0.0,0.0,59.0,warehouse_3,warehouse_3,Northeast,"Waltham, MA",42.39436,-71.265464,Ballpoint Pens 60ct,Office,Writing,1,1,1,0,,,phantom,Recount / system fix
2026-09-12,103,441220,3.0,1.0,4.0,warehouse_3,warehouse_3,Northeast,"Waltham, MA",42.39436,-71.265464,Sticky Notes Value,Office,Supplies,1,0,0,0,0.75,0.25,ok,
2026-09-12,103,990101,21.0,16.0,37.0,warehouse_3,warehouse_3,Northeast,"Waltham, MA",42.39436,-71.265464,Bananas Club Bunch,Produce,Fruit,1,0,0,0,0.5676,0.4324,ok,
2026-09-12,103,990110,0.0,0.0,0.0,warehouse_3,warehouse_3,Northeast,"Waltham, MA",42.39436,-71.265464,Bag Bag 5lb,Produce,Fruit,1,1,0,0,,,true_out,Replenish / order
2026-09-12,103,990120,0.0,0.0,0.0,warehouse_3,warehouse_3,Northeast,"Waltham, MA",42.39436,-71.265464,Romaine Hearts 3pk,Produce,Veg,1,1,0,0,,,true_out,Replenish / order
2026-09-12,103,118670,15.0,28.0,43.0,warehouse_3,warehouse_3,Northeast,"Waltham, MA",42.39436,-71.265464,Pasta Sauce Twin Pack,Grocery,Pantry,1,0,0,0,0.3488,0.6512,ok,
2026-09-12,103,118680,8.0,25.0,33.0,warehouse_3,warehouse_3,Northeast,"Waltham, MA",42.39436,-71.265464,Olive Oil 2L,Grocery,Pantry,1,0,0,0,0.2424,0.7576,ok,
2026-09-12,103,184250,21.0,20.0,41.0,warehouse_3,warehouse_3,Northeast,"Waltham, MA",42.39436,-71.265464,Trash Bags 100ct,Household,Cleaning,1,0,0,0,0.5122,0.4878,ok,
2026-09-12,103,774040,12.0,8.0,20.0,warehouse_3,warehouse_3,Northeast,"Waltham, MA",42.39436,-71.265464,LED Bulbs 8pk,GM,Home,1,0,0,0,0.6,0.4,ok,
2026-09-12,103,551930,7.0,5.0,12.0,warehouse_3,warehouse_3,Northeast,"Waltham, MA",42.39436,-71.265464,Potato Salad Tub,Deli,Sides,1,0,0,0,0.5833,0.4167,ok,
2026-09-12,103,229070,13.0,16.0,29.0,warehouse_3,warehouse_3,Northeast,"Waltham, MA",42.39436,-71.265464,Salmon Fillet Pack,Meat,Seafood,1,0,0,0,0.4483,0.5517,ok,
2026-09-12,103,330130,20.0,15.0,35.0,warehouse_3,warehouse_3,Northeast,"Waltham, MA",42.39436,-71.265464,Shredded Cheese 2lb,Dairy,Cheese,1,0,0,0,0.5714,0.4286,ok,
2026-09-12,103,667330,13.0,29.0,42.0,warehouse_3,warehouse_3,Northeast,"Waltham, MA",42.39436,-71.265464,Toddler Snacks Box,Baby,Food,1,0,0,0,0.3095,0.6905,ok,
2026-09-12,103,441230,21.0,23.0,44.0,warehouse_3,warehouse_3,Northeast,"Waltham, MA",42.39436,-71.265464,Binder Clips Assort,Office,Supplies,1,0,0,0,0.4773,0.5227,ok,
2026-09-12,103,990130,18.0,16.0,34.0,warehouse_3,warehouse_3,Northeast,"Waltham, MA",42.39436,-71.265464,Blueberries Pint,Produce,Fruit,1,0,0,0,0.5294,0.4706,ok,
2026-09-12,103,118690,12.0,4.0,16.0,warehouse_3,warehouse_3,Northeast,"Waltham, MA",42.39436,-71.265464,Coffee Pods 100ct,Grocery,Beverages,1,0,0,0,0.75,0.25,ok,
2026-09-13,101,118634,15.0,19.0,34.0,warehouse_1,warehouse_1,Northeast,"Everett, MA",42.402137,-71.069774,Bottled Water 40pk,Grocery,Beverages,1,0,0,0,0.4412,0.5588,ok,
2026-09-13,101,184220,20.0,4.0,24.0,warehouse_1,warehouse_1,Northeast,"Everett, MA",42.402137,-71.069774,Paper Towels 12pk,Household,Paper,1,0,0,0,0.8333,0.1667,ok,
2026-09-13,101,551902,21.0,9.0,30.0,warehouse_1,warehouse_1,Northeast,"Everett, MA",42.402137,-71.069774,Rotisserie Chicken,Deli,Prepared,1,0,0,0,0.7,0.3,ok,
2026-09-13,101,774015,15.0,28.0,43.0,warehouse_1,warehouse_1,Northeast,"Everett, MA",42.402137,-71.069774,AA Batteries 48ct,GM,Electronics,1,0,0,0,0.3488,0.6512,ok,
2026-09-13,101,445880,15.0,13.0,28.0,warehouse_1,warehouse_1,Northeast,"Everett, MA",42.402137,-71.069774,Laundry Detergent 2pk,Household,Laundry,1,0,0,0,0.5357,0.4643,ok,
2026-09-13,101,229045,10.0,30.0,40.0,warehouse_1,warehouse_1,Northeast,"Everett, MA",42.402137,-71.069774,Chicken Breast Family Pack,Meat,Chicken,1,0,0,0,0.25,0.75,ok,
2026-09-13,101,667301,17.0,0.0,17.0,warehouse_1,warehouse_1,Northeast,"Everett, MA",42.402137,-71.069774,Diapers Size 4,Baby,Diapers,1,0,0,0,1.0,0.0,ok,
2026-09-13,101,330112,6.0,27.0,33.0,warehouse_1,warehouse_1,Northeast,"Everett, MA",42.402137,-71.069774,Whole Milk Gallon,Dairy,Milk,1,0,0,0,0.1818,0.8182,ok,
2026-09-13,101,330118,0.0,8.0,10.0,warehouse_1,warehouse_1,Northeast,"Everett, MA",42.402137,-71.069774,Greek Yogurt 12ct,Dairy,Yogurt,1,1,1,1,0.0,1.0,phantom+rescue,Floor pull · recount
2026-09-13,101,441201,14.0,27.0,41.0,warehouse_1,warehouse_1,Northeast,"Everett, MA",42.402137,-71.069774,Copy Paper 5-Ream,Office,Paper,1,0,0,0,0.3415,0.6585,ok,
2026-09-13,101,118640,20.0,3.0,23.0,warehouse_1,warehouse_1,Northeast,"Everett, MA",42.402137,-71.069774,Sparkling Water 24pk,Grocery,Beverages,1,0,0,0,0.8696,0.1304,ok,
2026-09-13,101,118655,11.0,15.0,26.0,warehouse_1,warehouse_1,Northeast,"Everett, MA",42.402137,-71.069774,Trail Mix Value Pack,Grocery,Snacks,1,0,0,0,0.4231,0.5769,ok,
2026-09-13,101,184230,0.0,10.0,29.0,warehouse_1,warehouse_1,Northeast,"Everett, MA",42.402137,-71.069774,Toilet Paper 30ct,Household,Paper,1,1,1,1,0.0,1.0,phantom+rescue,Floor pull · recount
2026-09-13,101,184240,0.0,10.0,22.0,warehouse_1,warehouse_1,Northeast,"Everett, MA",42.402137,-71.069774,Disinfecting Wipes 3pk,Household,Cleaning,1,1,1,1,0.0,1.0,phantom+rescue,Floor pull · recount
2026-09-13,101,551910,12.0,30.0,42.0,warehouse_1,warehouse_1,Northeast,"Everett, MA",42.402137,-71.069774,Macaroni Salad Tub,Deli,Sides,1,0,0,0,0.2857,0.7143,ok,
2026-09-13,101,551920,21.0,16.0,37.0,warehouse_1,warehouse_1,Northeast,"Everett, MA",42.402137,-71.069774,Turkey Club Sandwich,Deli,Prepared,1,0,0,0,0.5676,0.4324,ok,
2026-09-13,101,774020,4.0,16.0,20.0,warehouse_1,warehouse_1,Northeast,"Everett, MA",42.402137,-71.069774,HDMI Cable 2-Pack,GM,Electronics,1,0,0,0,0.2,0.8,ok,
2026-09-13,101,774030,15.0,18.0,33.0,warehouse_1,warehouse_1,Northeast,"Everett, MA",42.402137,-71.069774,Phone Charger Kit,GM,Electronics,1,0,0,0,0.4545,0.5455,ok,
2026-09-13,101,445890,20.0,16.0,36.0,warehouse_1,warehouse_1,Northeast,"Everett, MA",42.402137,-71.069774,Dryer Sheets 240ct,Household,Laundry,1,0,0,0,0.5556,0.4444,ok,
2026-09-13,101,229050,0.0,14.0,19.0,warehouse_1,warehouse_1,Northeast,"Everett, MA",42.402137,-71.069774,Chicken Breast Tray,Meat,Poultry,1,1,1,1,0.0,1.0,phantom+rescue,Floor pull · recount
2026-09-13,101,229060,22.0,11.0,33.0,warehouse_1,warehouse_1,Northeast,"Everett, MA",42.402137,-71.069774,Atlantic Salmon 2pk,Meat,Seafood,1,0,0,0,0.6667,0.3333,ok,
2026-09-13,101,667310,18.0,18.0,36.0,warehouse_1,warehouse_1,Northeast,"Everett, MA",42.402137,-71.069774,Baby Wipes Soft Pack,Baby,Wipes,1,0,0,0,0.5,0.5,ok,
2026-09-13,101,667320,22.0,13.0,35.0,warehouse_1,warehouse_1,Northeast,"Everett, MA",42.402137,-71.069774,Infant Formula Can,Baby,Formula,1,0,0,0,0.6286,0.3714,ok,
2026-09-13,101,330120,14.0,27.0,41.0,warehouse_1,warehouse_1,Northeast,"Everett, MA",42.402137,-71.069774,Butter Quarters 4pk,Dairy,Butter,1,0,0,0,0.3415,0.6585,ok,
2026-09-13,101,441210,11.0,5.0,16.0,warehouse_1,warehouse_1,Northeast,"Everett, MA",42.402137,-71.069774,Ballpoint Pens 60ct,Office,Writing,1,0,0,0,0.6875,0.3125,ok,
2026-09-13,101,441220,18.0,23.0,41.0,warehouse_1,warehouse_1,Northeast,"Everett, MA",42.402137,-71.069774,Sticky Notes Value,Office,Supplies,1,0,0,0,0.439,0.561,ok,
2026-09-13,101,990101,19.0,21.0,40.0,warehouse_1,warehouse_1,Northeast,"Everett, MA",42.402137,-71.069774,Bananas Club Bunch,Produce,Fruit,1,0,0,0,0.475,0.525,ok,
2026-09-13,101,990110,8.0,4.0,12.0,warehouse_1,warehouse_1,Northeast,"Everett, MA",42.402137,-71.069774,Bag Bag 5lb,Produce,Fruit,1,0,0,0,0.6667,0.3333,ok,
2026-09-13,101,990120,5.0,6.0,11.0,warehouse_1,warehouse_1,Northeast,"Everett, MA",42.402137,-71.069774,Romaine Hearts 3pk,Produce,Veg,1,0,0,0,0.4545,0.5455,ok,
2026-09-13,101,118670,15.0,4.0,19.0,warehouse_1,warehouse_1,Northeast,"Everett, MA",42.402137,-71.069774,Pasta Sauce Twin Pack,Grocery,Pantry,1,0,0,0,0.7895,0.2105,ok,
2026-09-13,101,118680,18.0,22.0,40.0,warehouse_1,warehouse_1,Northeast,"Everett, MA",42.402137,-71.069774,Olive Oil 2L,Grocery,Pantry,1,0,0,0,0.45,0.55,ok,
2026-09-13,101,184250,20.0,13.0,33.0,warehouse_1,warehouse_1,Northeast,"Everett, MA",42.402137,-71.069774,Trash Bags 100ct,Household,Cleaning,1,0,0,0,0.6061,0.3939,ok,
2026-09-13,101,774040,12.0,25.0,37.0,warehouse_1,warehouse_1,Northeast,"Everett, MA",42.402137,-71.069774,LED Bulbs 8pk,GM,Home,1,0,0,0,0.3243,0.6757,ok,
2026-09-13,101,551930,18.0,22.0,40.0,warehouse_1,warehouse_1,Northeast,"Everett, MA",42.402137,-71.069774,Potato Salad Tub,Deli,Sides,1,0,0,0,0.45,0.55,ok,
2026-09-13,101,229070,15.0,6.0,21.0,warehouse_1,warehouse_1,Northeast,"Everett, MA",42.402137,-71.069774,Salmon Fillet Pack,Meat,Seafood,1,0,0,0,0.7143,0.2857,ok,
2026-09-13,101,330130,10.0,4.0,14.0,warehouse_1,warehouse_1,Northeast,"Everett, MA",42.402137,-71.069774,Shredded Cheese 2lb,Dairy,Cheese,1,0,0,0,0.7143,0.2857,ok,
2026-09-13,101,667330,16.0,0.0,16.0,warehouse_1,warehouse_1,Northeast,"Everett, MA",42.402137,-71.069774,Toddler Snacks Box,Baby,Food,1,0,0,0,1.0,0.0,ok,
2026-09-13,101,441230,17.0,10.0,27.0,warehouse_1,warehouse_1,Northeast,"Everett, MA",42.402137,-71.069774,Binder Clips Assort,Office,Supplies,1,0,0,0,0.6296,0.3704,ok,
2026-09-13,101,990130,16.0,29.0,45.0,warehouse_1,warehouse_1,Northeast,"Everett, MA",42.402137,-71.069774,Blueberries Pint,Produce,Fruit,1,0,0,0,0.3556,0.6444,ok,
2026-09-13,101,118690,19.0,16.0,35.0,warehouse_1,warehouse_1,Northeast,"Everett, MA",42.402137,-71.069774,Coffee Pods 100ct,Grocery,Beverages,1,0,0,0,0.5429,0.4571,ok,
2026-09-13,102,118634,21.0,15.0,36.0,warehouse_2,warehouse_2,Northeast,"Dedham, MA",42.231627,-71.176682,Bottled Water 40pk,Grocery,Beverages,1,0,0,0,0.5833,0.4167,ok,
2026-09-13,102,184220,21.0,12.0,33.0,warehouse_2,warehouse_2,Northeast,"Dedham, MA",42.231627,-71.176682,Paper Towels 12pk,Household,Paper,1,0,0,0,0.6364,0.3636,ok,
2026-09-13,102,551902,19.0,19.0,38.0,warehouse_2,warehouse_2,Northeast,"Dedham, MA",42.231627,-71.176682,Rotisserie Chicken,Deli,Prepared,1,0,0,0,0.5,0.5,ok,
2026-09-13,102,774015,16.0,18.0,34.0,warehouse_2,warehouse_2,Northeast,"Dedham, MA",42.231627,-71.176682,AA Batteries 48ct,GM,Electronics,1,0,0,0,0.4706,0.5294,ok,
2026-09-13,102,445880,22.0,15.0,37.0,warehouse_2,warehouse_2,Northeast,"Dedham, MA",42.231627,-71.176682,Laundry Detergent 2pk,Household,Laundry,1,0,0,0,0.5946,0.4054,ok,
2026-09-13,102,229045,17.0,12.0,29.0,warehouse_2,warehouse_2,Northeast,"Dedham, MA",42.231627,-71.176682,Chicken Breast Family Pack,Meat,Chicken,1,0,0,0,0.5862,0.4138,ok,
2026-09-13,102,667301,12.0,2.0,14.0,warehouse_2,warehouse_2,Northeast,"Dedham, MA",42.231627,-71.176682,Diapers Size 4,Baby,Diapers,1,0,0,0,0.8571,0.1429,ok,
2026-09-13,102,330112,17.0,4.0,21.0,warehouse_2,warehouse_2,Northeast,"Dedham, MA",42.231627,-71.176682,Whole Milk Gallon,Dairy,Milk,1,0,0,0,0.8095,0.1905,ok,
2026-09-13,102,330118,7.0,11.0,18.0,warehouse_2,warehouse_2,Northeast,"Dedham, MA",42.231627,-71.176682,Greek Yogurt 12ct,Dairy,Yogurt,1,0,0,0,0.3889,0.6111,ok,
2026-09-13,102,441201,7.0,12.0,19.0,warehouse_2,warehouse_2,Northeast,"Dedham, MA",42.231627,-71.176682,Copy Paper 5-Ream,Office,Paper,1,0,0,0,0.3684,0.6316,ok,
2026-09-13,102,118640,5.0,22.0,27.0,warehouse_2,warehouse_2,Northeast,"Dedham, MA",42.231627,-71.176682,Sparkling Water 24pk,Grocery,Beverages,1,0,0,0,0.1852,0.8148,ok,
2026-09-13,102,118655,18.0,20.0,38.0,warehouse_2,warehouse_2,Northeast,"Dedham, MA",42.231627,-71.176682,Trail Mix Value Pack,Grocery,Snacks,1,0,0,0,0.4737,0.5263,ok,
2026-09-13,102,184230,7.0,2.0,9.0,warehouse_2,warehouse_2,Northeast,"Dedham, MA",42.231627,-71.176682,Toilet Paper 30ct,Household,Paper,1,0,0,0,0.7778,0.2222,ok,
2026-09-13,102,184240,13.0,8.0,21.0,warehouse_2,warehouse_2,Northeast,"Dedham, MA",42.231627,-71.176682,Disinfecting Wipes 3pk,Household,Cleaning,1,0,0,0,0.619,0.381,ok,
2026-09-13,102,551910,7.0,4.0,11.0,warehouse_2,warehouse_2,Northeast,"Dedham, MA",42.231627,-71.176682,Macaroni Salad Tub,Deli,Sides,1,0,0,0,0.6364,0.3636,ok,
2026-09-13,102,551920,13.0,15.0,28.0,warehouse_2,warehouse_2,Northeast,"Dedham, MA",42.231627,-71.176682,Turkey Club Sandwich,Deli,Prepared,1,0,0,0,0.4643,0.5357,ok,
2026-09-13,102,774020,5.0,13.0,18.0,warehouse_2,warehouse_2,Northeast,"Dedham, MA",42.231627,-71.176682,HDMI Cable 2-Pack,GM,Electronics,1,0,0,0,0.2778,0.7222,ok,
2026-09-13,102,774030,3.0,0.0,3.0,warehouse_2,warehouse_2,Northeast,"Dedham, MA",42.231627,-71.176682,Phone Charger Kit,GM,Electronics,1,0,0,0,1.0,0.0,ok,
2026-09-13,102,445890,12.0,28.0,40.0,warehouse_2,warehouse_2,Northeast,"Dedham, MA",42.231627,-71.176682,Dryer Sheets 240ct,Household,Laundry,1,0,0,0,0.3,0.7,ok,
2026-09-13,102,229050,11.0,14.0,25.0,warehouse_2,warehouse_2,Northeast,"Dedham, MA",42.231627,-71.176682,Chicken Breast Tray,Meat,Poultry,1,0,0,0,0.44,0.56,ok,
2026-09-13,102,229060,19.0,6.0,25.0,warehouse_2,warehouse_2,Northeast,"Dedham, MA",42.231627,-71.176682,Atlantic Salmon 2pk,Meat,Seafood,1,0,0,0,0.76,0.24,ok,
2026-09-13,102,667310,14.0,12.0,26.0,warehouse_2,warehouse_2,Northeast,"Dedham, MA",42.231627,-71.176682,Baby Wipes Soft Pack,Baby,Wipes,1,0,0,0,0.5385,0.4615,ok,
2026-09-13,102,667320,3.0,4.0,7.0,warehouse_2,warehouse_2,Northeast,"Dedham, MA",42.231627,-71.176682,Infant Formula Can,Baby,Formula,1,0,0,0,0.4286,0.5714,ok,
2026-09-13,102,330120,5.0,1.0,6.0,warehouse_2,warehouse_2,Northeast,"Dedham, MA",42.231627,-71.176682,Butter Quarters 4pk,Dairy,Butter,1,0,0,0,0.8333,0.1667,ok,
2026-09-13,102,441210,4.0,10.0,14.0,warehouse_2,warehouse_2,Northeast,"Dedham, MA",42.231627,-71.176682,Ballpoint Pens 60ct,Office,Writing,1,0,0,0,0.2857,0.7143,ok,
2026-09-13,102,441220,17.0,8.0,25.0,warehouse_2,warehouse_2,Northeast,"Dedham, MA",42.231627,-71.176682,Sticky Notes Value,Office,Supplies,1,0,0,0,0.68,0.32,ok,
2026-09-13,102,990101,10.0,24.0,34.0,warehouse_2,warehouse_2,Northeast,"Dedham, MA",42.231627,-71.176682,Bananas Club Bunch,Produce,Fruit,1,0,0,0,0.2941,0.7059,ok,
2026-09-13,102,990110,6.0,13.0,19.0,warehouse_2,warehouse_2,Northeast,"Dedham, MA",42.231627,-71.176682,Bag Bag 5lb,Produce,Fruit,1,0,0,0,0.3158,0.6842,ok,
2026-09-13,102,990120,20.0,23.0,43.0,warehouse_2,warehouse_2,Northeast,"Dedham, MA",42.231627,-71.176682,Romaine Hearts 3pk,Produce,Veg,1,0,0,0,0.4651,0.5349,ok,
2026-09-13,102,118670,3.0,24.0,27.0,warehouse_2,warehouse_2,Northeast,"Dedham, MA",42.231627,-71.176682,Pasta Sauce Twin Pack,Grocery,Pantry,1,0,0,0,0.1111,0.8889,ok,
2026-09-13,102,118680,15.0,27.0,42.0,warehouse_2,warehouse_2,Northeast,"Dedham, MA",42.231627,-71.176682,Olive Oil 2L,Grocery,Pantry,1,0,0,0,0.3571,0.6429,ok,
2026-09-13,102,184250,10.0,1.0,11.0,warehouse_2,warehouse_2,Northeast,"Dedham, MA",42.231627,-71.176682,Trash Bags 100ct,Household,Cleaning,1,0,0,0,0.9091,0.0909,ok,
2026-09-13,102,774040,13.0,26.0,39.0,warehouse_2,warehouse_2,Northeast,"Dedham, MA",42.231627,-71.176682,LED Bulbs 8pk,GM,Home,1,0,0,0,0.3333,0.6667,ok,
2026-09-13,102,551930,4.0,24.0,28.0,warehouse_2,warehouse_2,Northeast,"Dedham, MA",42.231627,-71.176682,Potato Salad Tub,Deli,Sides,1,0,0,0,0.1429,0.8571,ok,
2026-09-13,102,229070,16.0,15.0,31.0,warehouse_2,warehouse_2,Northeast,"Dedham, MA",42.231627,-71.176682,Salmon Fillet Pack,Meat,Seafood,1,0,0,0,0.5161,0.4839,ok,
2026-09-13,102,330130,10.0,9.0,19.0,warehouse_2,warehouse_2,Northeast,"Dedham, MA",42.231627,-71.176682,Shredded Cheese 2lb,Dairy,Cheese,1,0,0,0,0.5263,0.4737,ok,
2026-09-13,102,667330,3.0,0.0,3.0,warehouse_2,warehouse_2,Northeast,"Dedham, MA",42.231627,-71.176682,Toddler Snacks Box,Baby,Food,1,0,0,0,1.0,0.0,ok,
2026-09-13,102,441230,21.0,21.0,42.0,warehouse_2,warehouse_2,Northeast,"Dedham, MA",42.231627,-71.176682,Binder Clips Assort,Office,Supplies,1,0,0,0,0.5,0.5,ok,
2026-09-13,102,990130,20.0,12.0,32.0,warehouse_2,warehouse_2,Northeast,"Dedham, MA",42.231627,-71.176682,Blueberries Pint,Produce,Fruit,1,0,0,0,0.625,0.375,ok,
2026-09-13,102,118690,0.0,0.0,46.0,warehouse_2,warehouse_2,Northeast,"Dedham, MA",42.231627,-71.176682,Coffee Pods 100ct,Grocery,Beverages,1,1,1,0,,,phantom,Recount / system fix
2026-09-13,103,118634,11.0,9.0,20.0,warehouse_3,warehouse_3,Northeast,"Waltham, MA",42.39436,-71.265464,Bottled Water 40pk,Grocery,Beverages,1,0,0,0,0.55,0.45,ok,
2026-09-13,103,184220,8.0,17.0,25.0,warehouse_3,warehouse_3,Northeast,"Waltham, MA",42.39436,-71.265464,Paper Towels 12pk,Household,Paper,1,0,0,0,0.32,0.68,ok,
2026-09-13,103,551902,0.0,27.0,34.0,warehouse_3,warehouse_3,Northeast,"Waltham, MA",42.39436,-71.265464,Rotisserie Chicken,Deli,Prepared,1,1,1,1,0.0,1.0,phantom+rescue,Floor pull · recount
2026-09-13,103,774015,12.0,0.0,12.0,warehouse_3,warehouse_3,Northeast,"Waltham, MA",42.39436,-71.265464,AA Batteries 48ct,GM,Electronics,1,0,0,0,1.0,0.0,ok,
2026-09-13,103,445880,13.0,25.0,38.0,warehouse_3,warehouse_3,Northeast,"Waltham, MA",42.39436,-71.265464,Laundry Detergent 2pk,Household,Laundry,1,0,0,0,0.3421,0.6579,ok,
2026-09-13,103,229045,8.0,11.0,19.0,warehouse_3,warehouse_3,Northeast,"Waltham, MA",42.39436,-71.265464,Chicken Breast Family Pack,Meat,Chicken,1,0,0,0,0.4211,0.5789,ok,
2026-09-13,103,667301,11.0,12.0,23.0,warehouse_3,warehouse_3,Northeast,"Waltham, MA",42.39436,-71.265464,Diapers Size 4,Baby,Diapers,1,0,0,0,0.4783,0.5217,ok,
2026-09-13,103,330112,13.0,12.0,25.0,warehouse_3,warehouse_3,Northeast,"Waltham, MA",42.39436,-71.265464,Whole Milk Gallon,Dairy,Milk,1,0,0,0,0.52,0.48,ok,
2026-09-13,103,330118,3.0,29.0,32.0,warehouse_3,warehouse_3,Northeast,"Waltham, MA",42.39436,-71.265464,Greek Yogurt 12ct,Dairy,Yogurt,1,0,0,0,0.0938,0.9062,ok,
2026-09-13,103,441201,22.0,19.0,41.0,warehouse_3,warehouse_3,Northeast,"Waltham, MA",42.39436,-71.265464,Copy Paper 5-Ream,Office,Paper,1,0,0,0,0.5366,0.4634,ok,
2026-09-13,103,118640,14.0,13.0,27.0,warehouse_3,warehouse_3,Northeast,"Waltham, MA",42.39436,-71.265464,Sparkling Water 24pk,Grocery,Beverages,1,0,0,0,0.5185,0.4815,ok,
2026-09-13,103,118655,10.0,5.0,15.0,warehouse_3,warehouse_3,Northeast,"Waltham, MA",42.39436,-71.265464,Trail Mix Value Pack,Grocery,Snacks,1,0,0,0,0.6667,0.3333,ok,
2026-09-13,103,184230,9.0,16.0,25.0,warehouse_3,warehouse_3,Northeast,"Waltham, MA",42.39436,-71.265464,Toilet Paper 30ct,Household,Paper,1,0,0,0,0.36,0.64,ok,
2026-09-13,103,184240,7.0,14.0,21.0,warehouse_3,warehouse_3,Northeast,"Waltham, MA",42.39436,-71.265464,Disinfecting Wipes 3pk,Household,Cleaning,1,0,0,0,0.3333,0.6667,ok,
2026-09-13,103,551910,12.0,29.0,41.0,warehouse_3,warehouse_3,Northeast,"Waltham, MA",42.39436,-71.265464,Macaroni Salad Tub,Deli,Sides,1,0,0,0,0.2927,0.7073,ok,
2026-09-13,103,551920,0.0,40.0,47.0,warehouse_3,warehouse_3,Northeast,"Waltham, MA",42.39436,-71.265464,Turkey Club Sandwich,Deli,Prepared,1,1,1,1,0.0,1.0,phantom+rescue,Floor pull · recount
2026-09-13,103,774020,12.0,14.0,26.0,warehouse_3,warehouse_3,Northeast,"Waltham, MA",42.39436,-71.265464,HDMI Cable 2-Pack,GM,Electronics,1,0,0,0,0.4615,0.5385,ok,
2026-09-13,103,774030,6.0,21.0,27.0,warehouse_3,warehouse_3,Northeast,"Waltham, MA",42.39436,-71.265464,Phone Charger Kit,GM,Electronics,1,0,0,0,0.2222,0.7778,ok,
2026-09-13,103,445890,8.0,28.0,36.0,warehouse_3,warehouse_3,Northeast,"Waltham, MA",42.39436,-71.265464,Dryer Sheets 240ct,Household,Laundry,1,0,0,0,0.2222,0.7778,ok,
2026-09-13,103,229050,12.0,18.0,30.0,warehouse_3,warehouse_3,Northeast,"Waltham, MA",42.39436,-71.265464,Chicken Breast Tray,Meat,Poultry,1,0,0,0,0.4,0.6,ok,
2026-09-13,103,229060,7.0,24.0,31.0,warehouse_3,warehouse_3,Northeast,"Waltham, MA",42.39436,-71.265464,Atlantic Salmon 2pk,Meat,Seafood,1,0,0,0,0.2258,0.7742,ok,
2026-09-13,103,667310,18.0,13.0,31.0,warehouse_3,warehouse_3,Northeast,"Waltham, MA",42.39436,-71.265464,Baby Wipes Soft Pack,Baby,Wipes,1,0,0,0,0.5806,0.4194,ok,
2026-09-13,103,667320,0.0,0.0,13.0,warehouse_3,warehouse_3,Northeast,"Waltham, MA",42.39436,-71.265464,Infant Formula Can,Baby,Formula,1,1,1,0,,,phantom,Recount / system fix
2026-09-13,103,330120,6.0,12.0,18.0,warehouse_3,warehouse_3,Northeast,"Waltham, MA",42.39436,-71.265464,Butter Quarters 4pk,Dairy,Butter,1,0,0,0,0.3333,0.6667,ok,
2026-09-13,103,441210,22.0,6.0,28.0,warehouse_3,warehouse_3,Northeast,"Waltham, MA",42.39436,-71.265464,Ballpoint Pens 60ct,Office,Writing,1,0,0,0,0.7857,0.2143,ok,
2026-09-13,103,441220,7.0,1.0,8.0,warehouse_3,warehouse_3,Northeast,"Waltham, MA",42.39436,-71.265464,Sticky Notes Value,Office,Supplies,1,0,0,0,0.875,0.125,ok,
2026-09-13,103,990101,5.0,3.0,8.0,warehouse_3,warehouse_3,Northeast,"Waltham, MA",42.39436,-71.265464,Bananas Club Bunch,Produce,Fruit,1,0,0,0,0.625,0.375,ok,
2026-09-13,103,990110,14.0,28.0,42.0,warehouse_3,warehouse_3,Northeast,"Waltham, MA",42.39436,-71.265464,Bag Bag 5lb,Produce,Fruit,1,0,0,0,0.3333,0.6667,ok,
2026-09-13,103,990120,10.0,16.0,26.0,warehouse_3,warehouse_3,Northeast,"Waltham, MA",42.39436,-71.265464,Romaine Hearts 3pk,Produce,Veg,1,0,0,0,0.3846,0.6154,ok,
2026-09-13,103,118670,6.0,14.0,20.0,warehouse_3,warehouse_3,Northeast,"Waltham, MA",42.39436,-71.265464,Pasta Sauce Twin Pack,Grocery,Pantry,1,0,0,0,0.3,0.7,ok,
2026-09-13,103,118680,4.0,6.0,10.0,warehouse_3,warehouse_3,Northeast,"Waltham, MA",42.39436,-71.265464,Olive Oil 2L,Grocery,Pantry,1,0,0,0,0.4,0.6,ok,
2026-09-13,103,184250,19.0,25.0,44.0,warehouse_3,warehouse_3,Northeast,"Waltham, MA",42.39436,-71.265464,Trash Bags 100ct,Household,Cleaning,1,0,0,0,0.4318,0.5682,ok,
2026-09-13,103,774040,22.0,2.0,24.0,warehouse_3,warehouse_3,Northeast,"Waltham, MA",42.39436,-71.265464,LED Bulbs 8pk,GM,Home,1,0,0,0,0.9167,0.0833,ok,
2026-09-13,103,551930,11.0,6.0,17.0,warehouse_3,warehouse_3,Northeast,"Waltham, MA",42.39436,-71.265464,Potato Salad Tub,Deli,Sides,1,0,0,0,0.6471,0.3529,ok,
2026-09-13,103,229070,10.0,27.0,37.0,warehouse_3,warehouse_3,Northeast,"Waltham, MA",42.39436,-71.265464,Salmon Fillet Pack,Meat,Seafood,1,0,0,0,0.2703,0.7297,ok,
2026-09-13,103,330130,15.0,24.0,39.0,warehouse_3,warehouse_3,Northeast,"Waltham, MA",42.39436,-71.265464,Shredded Cheese 2lb,Dairy,Cheese,1,0,0,0,0.3846,0.6154,ok,
2026-09-13,103,667330,22.0,10.0,32.0,warehouse_3,warehouse_3,Northeast,"Waltham, MA",42.39436,-71.265464,Toddler Snacks Box,Baby,Food,1,0,0,0,0.6875,0.3125,ok,
2026-09-13,103,441230,13.0,25.0,38.0,warehouse_3,warehouse_3,Northeast,"Waltham, MA",42.39436,-71.265464,Binder Clips Assort,Office,Supplies,1,0,0,0,0.3421,0.6579,ok,
2026-09-13,103,990130,19.0,1.0,20.0,warehouse_3,warehouse_3,Northeast,"Waltham, MA",42.39436,-71.265464,Blueberries Pint,Produce,Fruit,1,0,0,0,0.95,0.05,ok,
2026-09-13,103,118690,17.0,24.0,41.0,warehouse_3,warehouse_3,Northeast,"Waltham, MA",42.39436,-71.265464,Coffee Pods 100ct,Grocery,Beverages,1,0,0,0,0.4146,0.5854,ok,
2026-09-14,101,118634,21.0,29.0,50.0,warehouse_1,warehouse_1,Northeast,"Everett, MA",42.402137,-71.069774,Bottled Water 40pk,Grocery,Beverages,1,0,0,0,0.42,0.58,ok,
2026-09-14,101,184220,11.0,29.0,40.0,warehouse_1,warehouse_1,Northeast,"Everett, MA",42.402137,-71.069774,Paper Towels 12pk,Household,Paper,1,0,0,0,0.275,0.725,ok,
2026-09-14,101,551902,14.0,2.0,16.0,warehouse_1,warehouse_1,Northeast,"Everett, MA",42.402137,-71.069774,Rotisserie Chicken,Deli,Prepared,1,0,0,0,0.875,0.125,ok,
2026-09-14,101,774015,5.0,1.0,6.0,warehouse_1,warehouse_1,Northeast,"Everett, MA",42.402137,-71.069774,AA Batteries 48ct,GM,Electronics,1,0,0,0,0.8333,0.1667,ok,
2026-09-14,101,445880,14.0,23.0,37.0,warehouse_1,warehouse_1,Northeast,"Everett, MA",42.402137,-71.069774,Laundry Detergent 2pk,Household,Laundry,1,0,0,0,0.3784,0.6216,ok,
2026-09-14,101,229045,6.0,12.0,18.0,warehouse_1,warehouse_1,Northeast,"Everett, MA",42.402137,-71.069774,Chicken Breast Family Pack,Meat,Chicken,1,0,0,0,0.3333,0.6667,ok,
2026-09-14,101,667301,14.0,21.0,35.0,warehouse_1,warehouse_1,Northeast,"Everett, MA",42.402137,-71.069774,Diapers Size 4,Baby,Diapers,1,0,0,0,0.4,0.6,ok,
2026-09-14,101,330112,6.0,21.0,27.0,warehouse_1,warehouse_1,Northeast,"Everett, MA",42.402137,-71.069774,Whole Milk Gallon,Dairy,Milk,1,0,0,0,0.2222,0.7778,ok,
2026-09-14,101,330118,17.0,4.0,21.0,warehouse_1,warehouse_1,Northeast,"Everett, MA",42.402137,-71.069774,Greek Yogurt 12ct,Dairy,Yogurt,1,0,0,0,0.8095,0.1905,ok,
2026-09-14,101,441201,5.0,6.0,11.0,warehouse_1,warehouse_1,Northeast,"Everett, MA",42.402137,-71.069774,Copy Paper 5-Ream,Office,Paper,1,0,0,0,0.4545,0.5455,ok,
2026-09-14,101,118640,19.0,18.0,37.0,warehouse_1,warehouse_1,Northeast,"Everett, MA",42.402137,-71.069774,Sparkling Water 24pk,Grocery,Beverages,1,0,0,0,0.5135,0.4865,ok,
2026-09-14,101,118655,8.0,21.0,29.0,warehouse_1,warehouse_1,Northeast,"Everett, MA",42.402137,-71.069774,Trail Mix Value Pack,Grocery,Snacks,1,0,0,0,0.2759,0.7241,ok,
2026-09-14,101,184230,3.0,8.0,11.0,warehouse_1,warehouse_1,Northeast,"Everett, MA",42.402137,-71.069774,Toilet Paper 30ct,Household,Paper,1,0,0,0,0.2727,0.7273,ok,
2026-09-14,101,184240,12.0,8.0,20.0,warehouse_1,warehouse_1,Northeast,"Everett, MA",42.402137,-71.069774,Disinfecting Wipes 3pk,Household,Cleaning,1,0,0,0,0.6,0.4,ok,
2026-09-14,101,551910,4.0,4.0,8.0,warehouse_1,warehouse_1,Northeast,"Everett, MA",42.402137,-71.069774,Macaroni Salad Tub,Deli,Sides,1,0,0,0,0.5,0.5,ok,
2026-09-14,101,551920,0.0,36.0,47.0,warehouse_1,warehouse_1,Northeast,"Everett, MA",42.402137,-71.069774,Turkey Club Sandwich,Deli,Prepared,1,1,1,1,0.0,1.0,phantom+rescue,Floor pull · recount
2026-09-14,101,774020,14.0,1.0,15.0,warehouse_1,warehouse_1,Northeast,"Everett, MA",42.402137,-71.069774,HDMI Cable 2-Pack,GM,Electronics,1,0,0,0,0.9333,0.0667,ok,
2026-09-14,101,774030,22.0,5.0,27.0,warehouse_1,warehouse_1,Northeast,"Everett, MA",42.402137,-71.069774,Phone Charger Kit,GM,Electronics,1,0,0,0,0.8148,0.1852,ok,
2026-09-14,101,445890,17.0,30.0,47.0,warehouse_1,warehouse_1,Northeast,"Everett, MA",42.402137,-71.069774,Dryer Sheets 240ct,Household,Laundry,1,0,0,0,0.3617,0.6383,ok,
2026-09-14,101,229050,0.0,12.0,40.0,warehouse_1,warehouse_1,Northeast,"Everett, MA",42.402137,-71.069774,Chicken Breast Tray,Meat,Poultry,1,1,1,1,0.0,1.0,phantom+rescue,Floor pull · recount
2026-09-14,101,229060,20.0,18.0,38.0,warehouse_1,warehouse_1,Northeast,"Everett, MA",42.402137,-71.069774,Atlantic Salmon 2pk,Meat,Seafood,1,0,0,0,0.5263,0.4737,ok,
2026-09-14,101,667310,14.0,3.0,17.0,warehouse_1,warehouse_1,Northeast,"Everett, MA",42.402137,-71.069774,Baby Wipes Soft Pack,Baby,Wipes,1,0,0,0,0.8235,0.1765,ok,
2026-09-14,101,667320,14.0,16.0,30.0,warehouse_1,warehouse_1,Northeast,"Everett, MA",42.402137,-71.069774,Infant Formula Can,Baby,Formula,1,0,0,0,0.4667,0.5333,ok,
2026-09-14,101,330120,8.0,5.0,13.0,warehouse_1,warehouse_1,Northeast,"Everett, MA",42.402137,-71.069774,Butter Quarters 4pk,Dairy,Butter,1,0,0,0,0.6154,0.3846,ok,
2026-09-14,101,441210,7.0,23.0,30.0,warehouse_1,warehouse_1,Northeast,"Everett, MA",42.402137,-71.069774,Ballpoint Pens 60ct,Office,Writing,1,0,0,0,0.2333,0.7667,ok,
2026-09-14,101,441220,5.0,7.0,12.0,warehouse_1,warehouse_1,Northeast,"Everett, MA",42.402137,-71.069774,Sticky Notes Value,Office,Supplies,1,0,0,0,0.4167,0.5833,ok,
2026-09-14,101,990101,12.0,13.0,25.0,warehouse_1,warehouse_1,Northeast,"Everett, MA",42.402137,-71.069774,Bananas Club Bunch,Produce,Fruit,1,0,0,0,0.48,0.52,ok,
2026-09-14,101,990110,18.0,11.0,29.0,warehouse_1,warehouse_1,Northeast,"Everett, MA",42.402137,-71.069774,Bag Bag 5lb,Produce,Fruit,1,0,0,0,0.6207,0.3793,ok,
2026-09-14,101,990120,7.0,9.0,16.0,warehouse_1,warehouse_1,Northeast,"Everett, MA",42.402137,-71.069774,Romaine Hearts 3pk,Produce,Veg,1,0,0,0,0.4375,0.5625,ok,
2026-09-14,101,118670,16.0,8.0,24.0,warehouse_1,warehouse_1,Northeast,"Everett, MA",42.402137,-71.069774,Pasta Sauce Twin Pack,Grocery,Pantry,1,0,0,0,0.6667,0.3333,ok,
2026-09-14,101,118680,14.0,16.0,30.0,warehouse_1,warehouse_1,Northeast,"Everett, MA",42.402137,-71.069774,Olive Oil 2L,Grocery,Pantry,1,0,0,0,0.4667,0.5333,ok,
2026-09-14,101,184250,0.0,24.0,38.0,warehouse_1,warehouse_1,Northeast,"Everett, MA",42.402137,-71.069774,Trash Bags 100ct,Household,Cleaning,1,1,1,1,0.0,1.0,phantom+rescue,Floor pull · recount
2026-09-14,101,774040,20.0,28.0,48.0,warehouse_1,warehouse_1,Northeast,"Everett, MA",42.402137,-71.069774,LED Bulbs 8pk,GM,Home,1,0,0,0,0.4167,0.5833,ok,
2026-09-14,101,551930,10.0,15.0,25.0,warehouse_1,warehouse_1,Northeast,"Everett, MA",42.402137,-71.069774,Potato Salad Tub,Deli,Sides,1,0,0,0,0.4,0.6,ok,
2026-09-14,101,229070,8.0,26.0,34.0,warehouse_1,warehouse_1,Northeast,"Everett, MA",42.402137,-71.069774,Salmon Fillet Pack,Meat,Seafood,1,0,0,0,0.2353,0.7647,ok,
2026-09-14,101,330130,10.0,0.0,10.0,warehouse_1,warehouse_1,Northeast,"Everett, MA",42.402137,-71.069774,Shredded Cheese 2lb,Dairy,Cheese,1,0,0,0,1.0,0.0,ok,
2026-09-14,101,667330,17.0,8.0,25.0,warehouse_1,warehouse_1,Northeast,"Everett, MA",42.402137,-71.069774,Toddler Snacks Box,Baby,Food,1,0,0,0,0.68,0.32,ok,
2026-09-14,101,441230,4.0,6.0,10.0,warehouse_1,warehouse_1,Northeast,"Everett, MA",42.402137,-71.069774,Binder Clips Assort,Office,Supplies,1,0,0,0,0.4,0.6,ok,
2026-09-14,101,990130,21.0,11.0,32.0,warehouse_1,warehouse_1,Northeast,"Everett, MA",42.402137,-71.069774,Blueberries Pint,Produce,Fruit,1,0,0,0,0.6562,0.3438,ok,
2026-09-14,101,118690,14.0,6.0,20.0,warehouse_1,warehouse_1,Northeast,"Everett, MA",42.402137,-71.069774,Coffee Pods 100ct,Grocery,Beverages,1,0,0,0,0.7,0.3,ok,
2026-09-14,102,118634,8.0,28.0,36.0,warehouse_2,warehouse_2,Northeast,"Dedham, MA",42.231627,-71.176682,Bottled Water 40pk,Grocery,Beverages,1,0,0,0,0.2222,0.7778,ok,
2026-09-14,102,184220,22.0,1.0,23.0,warehouse_2,warehouse_2,Northeast,"Dedham, MA",42.231627,-71.176682,Paper Towels 12pk,Household,Paper,1,0,0,0,0.9565,0.0435,ok,
2026-09-14,102,551902,0.0,0.0,0.0,warehouse_2,warehouse_2,Northeast,"Dedham, MA",42.231627,-71.176682,Rotisserie Chicken,Deli,Prepared,1,1,0,0,,,true_out,Replenish / order
2026-09-14,102,774015,10.0,19.0,29.0,warehouse_2,warehouse_2,Northeast,"Dedham, MA",42.231627,-71.176682,AA Batteries 48ct,GM,Electronics,1,0,0,0,0.3448,0.6552,ok,
2026-09-14,102,445880,17.0,11.0,28.0,warehouse_2,warehouse_2,Northeast,"Dedham, MA",42.231627,-71.176682,Laundry Detergent 2pk,Household,Laundry,1,0,0,0,0.6071,0.3929,ok,
2026-09-14,102,229045,0.0,0.0,25.0,warehouse_2,warehouse_2,Northeast,"Dedham, MA",42.231627,-71.176682,Chicken Breast Family Pack,Meat,Chicken,1,1,1,0,,,phantom,Recount / system fix
2026-09-14,102,667301,7.0,13.0,20.0,warehouse_2,warehouse_2,Northeast,"Dedham, MA",42.231627,-71.176682,Diapers Size 4,Baby,Diapers,1,0,0,0,0.35,0.65,ok,
2026-09-14,102,330112,21.0,4.0,25.0,warehouse_2,warehouse_2,Northeast,"Dedham, MA",42.231627,-71.176682,Whole Milk Gallon,Dairy,Milk,1,0,0,0,0.84,0.16,ok,
2026-09-14,102,330118,6.0,3.0,9.0,warehouse_2,warehouse_2,Northeast,"Dedham, MA",42.231627,-71.176682,Greek Yogurt 12ct,Dairy,Yogurt,1,0,0,0,0.6667,0.3333,ok,
2026-09-14,102,441201,9.0,13.0,22.0,warehouse_2,warehouse_2,Northeast,"Dedham, MA",42.231627,-71.176682,Copy Paper 5-Ream,Office,Paper,1,0,0,0,0.4091,0.5909,ok,
2026-09-14,102,118640,22.0,30.0,52.0,warehouse_2,warehouse_2,Northeast,"Dedham, MA",42.231627,-71.176682,Sparkling Water 24pk,Grocery,Beverages,1,0,0,0,0.4231,0.5769,ok,
2026-09-14,102,118655,14.0,5.0,19.0,warehouse_2,warehouse_2,Northeast,"Dedham, MA",42.231627,-71.176682,Trail Mix Value Pack,Grocery,Snacks,1,0,0,0,0.7368,0.2632,ok,
2026-09-14,102,184230,20.0,17.0,37.0,warehouse_2,warehouse_2,Northeast,"Dedham, MA",42.231627,-71.176682,Toilet Paper 30ct,Household,Paper,1,0,0,0,0.5405,0.4595,ok,
2026-09-14,102,184240,8.0,0.0,8.0,warehouse_2,warehouse_2,Northeast,"Dedham, MA",42.231627,-71.176682,Disinfecting Wipes 3pk,Household,Cleaning,1,0,0,0,1.0,0.0,ok,
2026-09-14,102,551910,4.0,2.0,6.0,warehouse_2,warehouse_2,Northeast,"Dedham, MA",42.231627,-71.176682,Macaroni Salad Tub,Deli,Sides,1,0,0,0,0.6667,0.3333,ok,
2026-09-14,102,551920,22.0,17.0,39.0,warehouse_2,warehouse_2,Northeast,"Dedham, MA",42.231627,-71.176682,Turkey Club Sandwich,Deli,Prepared,1,0,0,0,0.5641,0.4359,ok,
2026-09-14,102,774020,22.0,14.0,36.0,warehouse_2,warehouse_2,Northeast,"Dedham, MA",42.231627,-71.176682,HDMI Cable 2-Pack,GM,Electronics,1,0,0,0,0.6111,0.3889,ok,
2026-09-14,102,774030,18.0,7.0,25.0,warehouse_2,warehouse_2,Northeast,"Dedham, MA",42.231627,-71.176682,Phone Charger Kit,GM,Electronics,1,0,0,0,0.72,0.28,ok,
2026-09-14,102,445890,10.0,0.0,10.0,warehouse_2,warehouse_2,Northeast,"Dedham, MA",42.231627,-71.176682,Dryer Sheets 240ct,Household,Laundry,1,0,0,0,1.0,0.0,ok,
2026-09-14,102,229050,17.0,3.0,20.0,warehouse_2,warehouse_2,Northeast,"Dedham, MA",42.231627,-71.176682,Chicken Breast Tray,Meat,Poultry,1,0,0,0,0.85,0.15,ok,
2026-09-14,102,229060,18.0,27.0,45.0,warehouse_2,warehouse_2,Northeast,"Dedham, MA",42.231627,-71.176682,Atlantic Salmon 2pk,Meat,Seafood,1,0,0,0,0.4,0.6,ok,
2026-09-14,102,667310,22.0,23.0,45.0,warehouse_2,warehouse_2,Northeast,"Dedham, MA",42.231627,-71.176682,Baby Wipes Soft Pack,Baby,Wipes,1,0,0,0,0.4889,0.5111,ok,
2026-09-14,102,667320,3.0,11.0,14.0,warehouse_2,warehouse_2,Northeast,"Dedham, MA",42.231627,-71.176682,Infant Formula Can,Baby,Formula,1,0,0,0,0.2143,0.7857,ok,
2026-09-14,102,330120,16.0,0.0,16.0,warehouse_2,warehouse_2,Northeast,"Dedham, MA",42.231627,-71.176682,Butter Quarters 4pk,Dairy,Butter,1,0,0,0,1.0,0.0,ok,
2026-09-14,102,441210,3.0,16.0,19.0,warehouse_2,warehouse_2,Northeast,"Dedham, MA",42.231627,-71.176682,Ballpoint Pens 60ct,Office,Writing,1,0,0,0,0.1579,0.8421,ok,
2026-09-14,102,441220,16.0,14.0,30.0,warehouse_2,warehouse_2,Northeast,"Dedham, MA",42.231627,-71.176682,Sticky Notes Value,Office,Supplies,1,0,0,0,0.5333,0.4667,ok,
2026-09-14,102,990101,8.0,24.0,32.0,warehouse_2,warehouse_2,Northeast,"Dedham, MA",42.231627,-71.176682,Bananas Club Bunch,Produce,Fruit,1,0,0,0,0.25,0.75,ok,
2026-09-14,102,990110,8.0,22.0,30.0,warehouse_2,warehouse_2,Northeast,"Dedham, MA",42.231627,-71.176682,Bag Bag 5lb,Produce,Fruit,1,0,0,0,0.2667,0.7333,ok,
2026-09-14,102,990120,13.0,23.0,36.0,warehouse_2,warehouse_2,Northeast,"Dedham, MA",42.231627,-71.176682,Romaine Hearts 3pk,Produce,Veg,1,0,0,0,0.3611,0.6389,ok,
2026-09-14,102,118670,18.0,3.0,21.0,warehouse_2,warehouse_2,Northeast,"Dedham, MA",42.231627,-71.176682,Pasta Sauce Twin Pack,Grocery,Pantry,1,0,0,0,0.8571,0.1429,ok,
2026-09-14,102,118680,0.0,17.0,35.0,warehouse_2,warehouse_2,Northeast,"Dedham, MA",42.231627,-71.176682,Olive Oil 2L,Grocery,Pantry,1,1,1,1,0.0,1.0,phantom+rescue,Floor pull · recount
2026-09-14,102,184250,3.0,0.0,3.0,warehouse_2,warehouse_2,Northeast,"Dedham, MA",42.231627,-71.176682,Trash Bags 100ct,Household,Cleaning,1,0,0,0,1.0,0.0,ok,
2026-09-14,102,774040,5.0,28.0,33.0,warehouse_2,warehouse_2,Northeast,"Dedham, MA",42.231627,-71.176682,LED Bulbs 8pk,GM,Home,1,0,0,0,0.1515,0.8485,ok,
2026-09-14,102,551930,17.0,28.0,45.0,warehouse_2,warehouse_2,Northeast,"Dedham, MA",42.231627,-71.176682,Potato Salad Tub,Deli,Sides,1,0,0,0,0.3778,0.6222,ok,
2026-09-14,102,229070,20.0,7.0,27.0,warehouse_2,warehouse_2,Northeast,"Dedham, MA",42.231627,-71.176682,Salmon Fillet Pack,Meat,Seafood,1,0,0,0,0.7407,0.2593,ok,
2026-09-14,102,330130,14.0,18.0,32.0,warehouse_2,warehouse_2,Northeast,"Dedham, MA",42.231627,-71.176682,Shredded Cheese 2lb,Dairy,Cheese,1,0,0,0,0.4375,0.5625,ok,
2026-09-14,102,667330,20.0,13.0,33.0,warehouse_2,warehouse_2,Northeast,"Dedham, MA",42.231627,-71.176682,Toddler Snacks Box,Baby,Food,1,0,0,0,0.6061,0.3939,ok,
2026-09-14,102,441230,3.0,26.0,29.0,warehouse_2,warehouse_2,Northeast,"Dedham, MA",42.231627,-71.176682,Binder Clips Assort,Office,Supplies,1,0,0,0,0.1034,0.8966,ok,
2026-09-14,102,990130,15.0,17.0,32.0,warehouse_2,warehouse_2,Northeast,"Dedham, MA",42.231627,-71.176682,Blueberries Pint,Produce,Fruit,1,0,0,0,0.4688,0.5312,ok,
2026-09-14,102,118690,10.0,3.0,13.0,warehouse_2,warehouse_2,Northeast,"Dedham, MA",42.231627,-71.176682,Coffee Pods 100ct,Grocery,Beverages,1,0,0,0,0.7692,0.2308,ok,
2026-09-14,103,118634,5.0,9.0,14.0,warehouse_3,warehouse_3,Northeast,"Waltham, MA",42.39436,-71.265464,Bottled Water 40pk,Grocery,Beverages,1,0,0,0,0.3571,0.6429,ok,
2026-09-14,103,184220,8.0,27.0,35.0,warehouse_3,warehouse_3,Northeast,"Waltham, MA",42.39436,-71.265464,Paper Towels 12pk,Household,Paper,1,0,0,0,0.2286,0.7714,ok,
2026-09-14,103,551902,5.0,30.0,35.0,warehouse_3,warehouse_3,Northeast,"Waltham, MA",42.39436,-71.265464,Rotisserie Chicken,Deli,Prepared,1,0,0,0,0.1429,0.8571,ok,
2026-09-14,103,774015,8.0,1.0,9.0,warehouse_3,warehouse_3,Northeast,"Waltham, MA",42.39436,-71.265464,AA Batteries 48ct,GM,Electronics,1,0,0,0,0.8889,0.1111,ok,
2026-09-14,103,445880,16.0,20.0,36.0,warehouse_3,warehouse_3,Northeast,"Waltham, MA",42.39436,-71.265464,Laundry Detergent 2pk,Household,Laundry,1,0,0,0,0.4444,0.5556,ok,
2026-09-14,103,229045,5.0,1.0,6.0,warehouse_3,warehouse_3,Northeast,"Waltham, MA",42.39436,-71.265464,Chicken Breast Family Pack,Meat,Chicken,1,0,0,0,0.8333,0.1667,ok,
2026-09-14,103,667301,11.0,8.0,19.0,warehouse_3,warehouse_3,Northeast,"Waltham, MA",42.39436,-71.265464,Diapers Size 4,Baby,Diapers,1,0,0,0,0.5789,0.4211,ok,
2026-09-14,103,330112,21.0,2.0,23.0,warehouse_3,warehouse_3,Northeast,"Waltham, MA",42.39436,-71.265464,Whole Milk Gallon,Dairy,Milk,1,0,0,0,0.913,0.087,ok,
2026-09-14,103,330118,22.0,1.0,23.0,warehouse_3,warehouse_3,Northeast,"Waltham, MA",42.39436,-71.265464,Greek Yogurt 12ct,Dairy,Yogurt,1,0,0,0,0.9565,0.0435,ok,
2026-09-14,103,441201,13.0,3.0,16.0,warehouse_3,warehouse_3,Northeast,"Waltham, MA",42.39436,-71.265464,Copy Paper 5-Ream,Office,Paper,1,0,0,0,0.8125,0.1875,ok,
2026-09-14,103,118640,3.0,26.0,29.0,warehouse_3,warehouse_3,Northeast,"Waltham, MA",42.39436,-71.265464,Sparkling Water 24pk,Grocery,Beverages,1,0,0,0,0.1034,0.8966,ok,
2026-09-14,103,118655,4.0,25.0,29.0,warehouse_3,warehouse_3,Northeast,"Waltham, MA",42.39436,-71.265464,Trail Mix Value Pack,Grocery,Snacks,1,0,0,0,0.1379,0.8621,ok,
2026-09-14,103,184230,11.0,10.0,21.0,warehouse_3,warehouse_3,Northeast,"Waltham, MA",42.39436,-71.265464,Toilet Paper 30ct,Household,Paper,1,0,0,0,0.5238,0.4762,ok,
2026-09-14,103,184240,13.0,17.0,30.0,warehouse_3,warehouse_3,Northeast,"Waltham, MA",42.39436,-71.265464,Disinfecting Wipes 3pk,Household,Cleaning,1,0,0,0,0.4333,0.5667,ok,
2026-09-14,103,551910,16.0,16.0,32.0,warehouse_3,warehouse_3,Northeast,"Waltham, MA",42.39436,-71.265464,Macaroni Salad Tub,Deli,Sides,1,0,0,0,0.5,0.5,ok,
2026-09-14,103,551920,20.0,16.0,36.0,warehouse_3,warehouse_3,Northeast,"Waltham, MA",42.39436,-71.265464,Turkey Club Sandwich,Deli,Prepared,1,0,0,0,0.5556,0.4444,ok,
2026-09-14,103,774020,10.0,18.0,28.0,warehouse_3,warehouse_3,Northeast,"Waltham, MA",42.39436,-71.265464,HDMI Cable 2-Pack,GM,Electronics,1,0,0,0,0.3571,0.6429,ok,
2026-09-14,103,774030,8.0,11.0,19.0,warehouse_3,warehouse_3,Northeast,"Waltham, MA",42.39436,-71.265464,Phone Charger Kit,GM,Electronics,1,0,0,0,0.4211,0.5789,ok,
2026-09-14,103,445890,14.0,16.0,30.0,warehouse_3,warehouse_3,Northeast,"Waltham, MA",42.39436,-71.265464,Dryer Sheets 240ct,Household,Laundry,1,0,0,0,0.4667,0.5333,ok,
2026-09-14,103,229050,21.0,11.0,32.0,warehouse_3,warehouse_3,Northeast,"Waltham, MA",42.39436,-71.265464,Chicken Breast Tray,Meat,Poultry,1,0,0,0,0.6562,0.3438,ok,
2026-09-14,103,229060,16.0,9.0,25.0,warehouse_3,warehouse_3,Northeast,"Waltham, MA",42.39436,-71.265464,Atlantic Salmon 2pk,Meat,Seafood,1,0,0,0,0.64,0.36,ok,
2026-09-14,103,667310,3.0,12.0,15.0,warehouse_3,warehouse_3,Northeast,"Waltham, MA",42.39436,-71.265464,Baby Wipes Soft Pack,Baby,Wipes,1,0,0,0,0.2,0.8,ok,
2026-09-14,103,667320,0.0,25.0,60.0,warehouse_3,warehouse_3,Northeast,"Waltham, MA",42.39436,-71.265464,Infant Formula Can,Baby,Formula,1,1,1,1,0.0,1.0,phantom+rescue,Floor pull · recount
2026-09-14,103,330120,16.0,8.0,24.0,warehouse_3,warehouse_3,Northeast,"Waltham, MA",42.39436,-71.265464,Butter Quarters 4pk,Dairy,Butter,1,0,0,0,0.6667,0.3333,ok,
2026-09-14,103,441210,21.0,9.0,30.0,warehouse_3,warehouse_3,Northeast,"Waltham, MA",42.39436,-71.265464,Ballpoint Pens 60ct,Office,Writing,1,0,0,0,0.7,0.3,ok,
2026-09-14,103,441220,11.0,12.0,23.0,warehouse_3,warehouse_3,Northeast,"Waltham, MA",42.39436,-71.265464,Sticky Notes Value,Office,Supplies,1,0,0,0,0.4783,0.5217,ok,
2026-09-14,103,990101,17.0,14.0,31.0,warehouse_3,warehouse_3,Northeast,"Waltham, MA",42.39436,-71.265464,Bananas Club Bunch,Produce,Fruit,1,0,0,0,0.5484,0.4516,ok,
2026-09-14,103,990110,9.0,22.0,31.0,warehouse_3,warehouse_3,Northeast,"Waltham, MA",42.39436,-71.265464,Bag Bag 5lb,Produce,Fruit,1,0,0,0,0.2903,0.7097,ok,
2026-09-14,103,990120,22.0,4.0,26.0,warehouse_3,warehouse_3,Northeast,"Waltham, MA",42.39436,-71.265464,Romaine Hearts 3pk,Produce,Veg,1,0,0,0,0.8462,0.1538,ok,
2026-09-14,103,118670,0.0,9.0,10.0,warehouse_3,warehouse_3,Northeast,"Waltham, MA",42.39436,-71.265464,Pasta Sauce Twin Pack,Grocery,Pantry,1,1,1,1,0.0,1.0,phantom+rescue,Floor pull · recount
2026-09-14,103,118680,0.0,0.0,0.0,warehouse_3,warehouse_3,Northeast,"Waltham, MA",42.39436,-71.265464,Olive Oil 2L,Grocery,Pantry,1,1,0,0,,,true_out,Replenish / order
2026-09-14,103,184250,7.0,7.0,14.0,warehouse_3,warehouse_3,Northeast,"Waltham, MA",42.39436,-71.265464,Trash Bags 100ct,Household,Cleaning,1,0,0,0,0.5,0.5,ok,
2026-09-14,103,774040,13.0,17.0,30.0,warehouse_3,warehouse_3,Northeast,"Waltham, MA",42.39436,-71.265464,LED Bulbs 8pk,GM,Home,1,0,0,0,0.4333,0.5667,ok,
2026-09-14,103,551930,20.0,10.0,30.0,warehouse_3,warehouse_3,Northeast,"Waltham, MA",42.39436,-71.265464,Potato Salad Tub,Deli,Sides,1,0,0,0,0.6667,0.3333,ok,
2026-09-14,103,229070,22.0,19.0,41.0,warehouse_3,warehouse_3,Northeast,"Waltham, MA",42.39436,-71.265464,Salmon Fillet Pack,Meat,Seafood,1,0,0,0,0.5366,0.4634,ok,
2026-09-14,103,330130,11.0,8.0,19.0,warehouse_3,warehouse_3,Northeast,"Waltham, MA",42.39436,-71.265464,Shredded Cheese 2lb,Dairy,Cheese,1,0,0,0,0.5789,0.4211,ok,
2026-09-14,103,667330,15.0,2.0,17.0,warehouse_3,warehouse_3,Northeast,"Waltham, MA",42.39436,-71.265464,Toddler Snacks Box,Baby,Food,1,0,0,0,0.8824,0.1176,ok,
2026-09-14,103,441230,8.0,20.0,28.0,warehouse_3,warehouse_3,Northeast,"Waltham, MA",42.39436,-71.265464,Binder Clips Assort,Office,Supplies,1,0,0,0,0.2857,0.7143,ok,
2026-09-14,103,990130,15.0,19.0,34.0,warehouse_3,warehouse_3,Northeast,"Waltham, MA",42.39436,-71.265464,Blueberries Pint,Produce,Fruit,1,0,0,0,0.4412,0.5588,ok,
2026-09-14,103,118690,0.0,0.0,13.0,warehouse_3,warehouse_3,Northeast,"Waltham, MA",42.39436,-71.265464,Coffee Pods 100ct,Grocery,Beverages,1,1,1,0,,,phantom,Recount / system fix
2026-09-15,101,118634,6.0,23.0,29.0,warehouse_1,warehouse_1,Northeast,"Everett, MA",42.402137,-71.069774,Bottled Water 40pk,Grocery,Beverages,1,0,0,0,0.2069,0.7931,ok,
2026-09-15,101,184220,11.0,10.0,21.0,warehouse_1,warehouse_1,Northeast,"Everett, MA",42.402137,-71.069774,Paper Towels 12pk,Household,Paper,1,0,0,0,0.5238,0.4762,ok,
2026-09-15,101,551902,19.0,0.0,19.0,warehouse_1,warehouse_1,Northeast,"Everett, MA",42.402137,-71.069774,Rotisserie Chicken,Deli,Prepared,1,0,0,0,1.0,0.0,ok,
2026-09-15,101,774015,14.0,6.0,20.0,warehouse_1,warehouse_1,Northeast,"Everett, MA",42.402137,-71.069774,AA Batteries 48ct,GM,Electronics,1,0,0,0,0.7,0.3,ok,
2026-09-15,101,445880,16.0,0.0,16.0,warehouse_1,warehouse_1,Northeast,"Everett, MA",42.402137,-71.069774,Laundry Detergent 2pk,Household,Laundry,1,0,0,0,1.0,0.0,ok,
2026-09-15,101,229045,21.0,14.0,35.0,warehouse_1,warehouse_1,Northeast,"Everett, MA",42.402137,-71.069774,Chicken Breast Family Pack,Meat,Chicken,1,0,0,0,0.6,0.4,ok,
2026-09-15,101,667301,8.0,15.0,23.0,warehouse_1,warehouse_1,Northeast,"Everett, MA",42.402137,-71.069774,Diapers Size 4,Baby,Diapers,1,0,0,0,0.3478,0.6522,ok,
2026-09-15,101,330112,3.0,11.0,14.0,warehouse_1,warehouse_1,Northeast,"Everett, MA",42.402137,-71.069774,Whole Milk Gallon,Dairy,Milk,1,0,0,0,0.2143,0.7857,ok,
2026-09-15,101,330118,3.0,27.0,30.0,warehouse_1,warehouse_1,Northeast,"Everett, MA",42.402137,-71.069774,Greek Yogurt 12ct,Dairy,Yogurt,1,0,0,0,0.1,0.9,ok,
2026-09-15,101,441201,0.0,0.0,52.0,warehouse_1,warehouse_1,Northeast,"Everett, MA",42.402137,-71.069774,Copy Paper 5-Ream,Office,Paper,1,1,1,0,,,phantom,Recount / system fix
2026-09-15,101,118640,7.0,0.0,7.0,warehouse_1,warehouse_1,Northeast,"Everett, MA",42.402137,-71.069774,Sparkling Water 24pk,Grocery,Beverages,1,0,0,0,1.0,0.0,ok,
2026-09-15,101,118655,12.0,9.0,21.0,warehouse_1,warehouse_1,Northeast,"Everett, MA",42.402137,-71.069774,Trail Mix Value Pack,Grocery,Snacks,1,0,0,0,0.5714,0.4286,ok,
2026-09-15,101,184230,12.0,17.0,29.0,warehouse_1,warehouse_1,Northeast,"Everett, MA",42.402137,-71.069774,Toilet Paper 30ct,Household,Paper,1,0,0,0,0.4138,0.5862,ok,
2026-09-15,101,184240,7.0,5.0,12.0,warehouse_1,warehouse_1,Northeast,"Everett, MA",42.402137,-71.069774,Disinfecting Wipes 3pk,Household,Cleaning,1,0,0,0,0.5833,0.4167,ok,
2026-09-15,101,551910,9.0,28.0,37.0,warehouse_1,warehouse_1,Northeast,"Everett, MA",42.402137,-71.069774,Macaroni Salad Tub,Deli,Sides,1,0,0,0,0.2432,0.7568,ok,
2026-09-15,101,551920,5.0,19.0,24.0,warehouse_1,warehouse_1,Northeast,"Everett, MA",42.402137,-71.069774,Turkey Club Sandwich,Deli,Prepared,1,0,0,0,0.2083,0.7917,ok,
2026-09-15,101,774020,0.0,0.0,0.0,warehouse_1,warehouse_1,Northeast,"Everett, MA",42.402137,-71.069774,HDMI Cable 2-Pack,GM,Electronics,1,1,0,0,,,true_out,Replenish / order
2026-09-15,101,774030,7.0,20.0,27.0,warehouse_1,warehouse_1,Northeast,"Everett, MA",42.402137,-71.069774,Phone Charger Kit,GM,Electronics,1,0,0,0,0.2593,0.7407,ok,
2026-09-15,101,445890,17.0,25.0,42.0,warehouse_1,warehouse_1,Northeast,"Everett, MA",42.402137,-71.069774,Dryer Sheets 240ct,Household,Laundry,1,0,0,0,0.4048,0.5952,ok,
2026-09-15,101,229050,18.0,7.0,25.0,warehouse_1,warehouse_1,Northeast,"Everett, MA",42.402137,-71.069774,Chicken Breast Tray,Meat,Poultry,1,0,0,0,0.72,0.28,ok,
2026-09-15,101,229060,13.0,19.0,32.0,warehouse_1,warehouse_1,Northeast,"Everett, MA",42.402137,-71.069774,Atlantic Salmon 2pk,Meat,Seafood,1,0,0,0,0.4062,0.5938,ok,
2026-09-15,101,667310,6.0,25.0,31.0,warehouse_1,warehouse_1,Northeast,"Everett, MA",42.402137,-71.069774,Baby Wipes Soft Pack,Baby,Wipes,1,0,0,0,0.1935,0.8065,ok,
2026-09-15,101,667320,4.0,22.0,26.0,warehouse_1,warehouse_1,Northeast,"Everett, MA",42.402137,-71.069774,Infant Formula Can,Baby,Formula,1,0,0,0,0.1538,0.8462,ok,
2026-09-15,101,330120,11.0,11.0,22.0,warehouse_1,warehouse_1,Northeast,"Everett, MA",42.402137,-71.069774,Butter Quarters 4pk,Dairy,Butter,1,0,0,0,0.5,0.5,ok,
2026-09-15,101,441210,6.0,20.0,26.0,warehouse_1,warehouse_1,Northeast,"Everett, MA",42.402137,-71.069774,Ballpoint Pens 60ct,Office,Writing,1,0,0,0,0.2308,0.7692,ok,
2026-09-15,101,441220,22.0,2.0,24.0,warehouse_1,warehouse_1,Northeast,"Everett, MA",42.402137,-71.069774,Sticky Notes Value,Office,Supplies,1,0,0,0,0.9167,0.0833,ok,
2026-09-15,101,990101,19.0,14.0,33.0,warehouse_1,warehouse_1,Northeast,"Everett, MA",42.402137,-71.069774,Bananas Club Bunch,Produce,Fruit,1,0,0,0,0.5758,0.4242,ok,
2026-09-15,101,990110,16.0,28.0,44.0,warehouse_1,warehouse_1,Northeast,"Everett, MA",42.402137,-71.069774,Bag Bag 5lb,Produce,Fruit,1,0,0,0,0.3636,0.6364,ok,
2026-09-15,101,990120,0.0,23.0,33.0,warehouse_1,warehouse_1,Northeast,"Everett, MA",42.402137,-71.069774,Romaine Hearts 3pk,Produce,Veg,1,1,1,1,0.0,1.0,phantom+rescue,Floor pull · recount
2026-09-15,101,118670,3.0,15.0,18.0,warehouse_1,warehouse_1,Northeast,"Everett, MA",42.402137,-71.069774,Pasta Sauce Twin Pack,Grocery,Pantry,1,0,0,0,0.1667,0.8333,ok,
2026-09-15,101,118680,19.0,10.0,29.0,warehouse_1,warehouse_1,Northeast,"Everett, MA",42.402137,-71.069774,Olive Oil 2L,Grocery,Pantry,1,0,0,0,0.6552,0.3448,ok,
2026-09-15,101,184250,8.0,4.0,12.0,warehouse_1,warehouse_1,Northeast,"Everett, MA",42.402137,-71.069774,Trash Bags 100ct,Household,Cleaning,1,0,0,0,0.6667,0.3333,ok,
2026-09-15,101,774040,16.0,0.0,16.0,warehouse_1,warehouse_1,Northeast,"Everett, MA",42.402137,-71.069774,LED Bulbs 8pk,GM,Home,1,0,0,0,1.0,0.0,ok,
2026-09-15,101,551930,21.0,10.0,31.0,warehouse_1,warehouse_1,Northeast,"Everett, MA",42.402137,-71.069774,Potato Salad Tub,Deli,Sides,1,0,0,0,0.6774,0.3226,ok,
2026-09-15,101,229070,12.0,23.0,35.0,warehouse_1,warehouse_1,Northeast,"Everett, MA",42.402137,-71.069774,Salmon Fillet Pack,Meat,Seafood,1,0,0,0,0.3429,0.6571,ok,
2026-09-15,101,330130,13.0,20.0,33.0,warehouse_1,warehouse_1,Northeast,"Everett, MA",42.402137,-71.069774,Shredded Cheese 2lb,Dairy,Cheese,1,0,0,0,0.3939,0.6061,ok,
2026-09-15,101,667330,7.0,13.0,20.0,warehouse_1,warehouse_1,Northeast,"Everett, MA",42.402137,-71.069774,Toddler Snacks Box,Baby,Food,1,0,0,0,0.35,0.65,ok,
2026-09-15,101,441230,5.0,15.0,20.0,warehouse_1,warehouse_1,Northeast,"Everett, MA",42.402137,-71.069774,Binder Clips Assort,Office,Supplies,1,0,0,0,0.25,0.75,ok,
2026-09-15,101,990130,5.0,19.0,24.0,warehouse_1,warehouse_1,Northeast,"Everett, MA",42.402137,-71.069774,Blueberries Pint,Produce,Fruit,1,0,0,0,0.2083,0.7917,ok,
2026-09-15,101,118690,4.0,30.0,34.0,warehouse_1,warehouse_1,Northeast,"Everett, MA",42.402137,-71.069774,Coffee Pods 100ct,Grocery,Beverages,1,0,0,0,0.1176,0.8824,ok,
2026-09-15,102,118634,20.0,16.0,36.0,warehouse_2,warehouse_2,Northeast,"Dedham, MA",42.231627,-71.176682,Bottled Water 40pk,Grocery,Beverages,1,0,0,0,0.5556,0.4444,ok,
2026-09-15,102,184220,5.0,2.0,7.0,warehouse_2,warehouse_2,Northeast,"Dedham, MA",42.231627,-71.176682,Paper Towels 12pk,Household,Paper,1,0,0,0,0.7143,0.2857,ok,
2026-09-15,102,551902,8.0,20.0,28.0,warehouse_2,warehouse_2,Northeast,"Dedham, MA",42.231627,-71.176682,Rotisserie Chicken,Deli,Prepared,1,0,0,0,0.2857,0.7143,ok,
2026-09-15,102,774015,13.0,22.0,35.0,warehouse_2,warehouse_2,Northeast,"Dedham, MA",42.231627,-71.176682,AA Batteries 48ct,GM,Electronics,1,0,0,0,0.3714,0.6286,ok,
2026-09-15,102,445880,12.0,18.0,30.0,warehouse_2,warehouse_2,Northeast,"Dedham, MA",42.231627,-71.176682,Laundry Detergent 2pk,Household,Laundry,1,0,0,0,0.4,0.6,ok,
2026-09-15,102,229045,13.0,25.0,38.0,warehouse_2,warehouse_2,Northeast,"Dedham, MA",42.231627,-71.176682,Chicken Breast Family Pack,Meat,Chicken,1,0,0,0,0.3421,0.6579,ok,
2026-09-15,102,667301,17.0,29.0,46.0,warehouse_2,warehouse_2,Northeast,"Dedham, MA",42.231627,-71.176682,Diapers Size 4,Baby,Diapers,1,0,0,0,0.3696,0.6304,ok,
2026-09-15,102,330112,3.0,1.0,4.0,warehouse_2,warehouse_2,Northeast,"Dedham, MA",42.231627,-71.176682,Whole Milk Gallon,Dairy,Milk,1,0,0,0,0.75,0.25,ok,
2026-09-15,102,330118,8.0,15.0,23.0,warehouse_2,warehouse_2,Northeast,"Dedham, MA",42.231627,-71.176682,Greek Yogurt 12ct,Dairy,Yogurt,1,0,0,0,0.3478,0.6522,ok,
2026-09-15,102,441201,8.0,17.0,25.0,warehouse_2,warehouse_2,Northeast,"Dedham, MA",42.231627,-71.176682,Copy Paper 5-Ream,Office,Paper,1,0,0,0,0.32,0.68,ok,
2026-09-15,102,118640,19.0,27.0,46.0,warehouse_2,warehouse_2,Northeast,"Dedham, MA",42.231627,-71.176682,Sparkling Water 24pk,Grocery,Beverages,1,0,0,0,0.413,0.587,ok,
2026-09-15,102,118655,6.0,29.0,35.0,warehouse_2,warehouse_2,Northeast,"Dedham, MA",42.231627,-71.176682,Trail Mix Value Pack,Grocery,Snacks,1,0,0,0,0.1714,0.8286,ok,
2026-09-15,102,184230,19.0,10.0,29.0,warehouse_2,warehouse_2,Northeast,"Dedham, MA",42.231627,-71.176682,Toilet Paper 30ct,Household,Paper,1,0,0,0,0.6552,0.3448,ok,
2026-09-15,102,184240,20.0,20.0,40.0,warehouse_2,warehouse_2,Northeast,"Dedham, MA",42.231627,-71.176682,Disinfecting Wipes 3pk,Household,Cleaning,1,0,0,0,0.5,0.5,ok,
2026-09-15,102,551910,14.0,10.0,24.0,warehouse_2,warehouse_2,Northeast,"Dedham, MA",42.231627,-71.176682,Macaroni Salad Tub,Deli,Sides,1,0,0,0,0.5833,0.4167,ok,
2026-09-15,102,551920,17.0,8.0,25.0,warehouse_2,warehouse_2,Northeast,"Dedham, MA",42.231627,-71.176682,Turkey Club Sandwich,Deli,Prepared,1,0,0,0,0.68,0.32,ok,
2026-09-15,102,774020,13.0,2.0,15.0,warehouse_2,warehouse_2,Northeast,"Dedham, MA",42.231627,-71.176682,HDMI Cable 2-Pack,GM,Electronics,1,0,0,0,0.8667,0.1333,ok,
2026-09-15,102,774030,17.0,13.0,30.0,warehouse_2,warehouse_2,Northeast,"Dedham, MA",42.231627,-71.176682,Phone Charger Kit,GM,Electronics,1,0,0,0,0.5667,0.4333,ok,
2026-09-15,102,445890,7.0,12.0,19.0,warehouse_2,warehouse_2,Northeast,"Dedham, MA",42.231627,-71.176682,Dryer Sheets 240ct,Household,Laundry,1,0,0,0,0.3684,0.6316,ok,
2026-09-15,102,229050,20.0,27.0,47.0,warehouse_2,warehouse_2,Northeast,"Dedham, MA",42.231627,-71.176682,Chicken Breast Tray,Meat,Poultry,1,0,0,0,0.4255,0.5745,ok,
2026-09-15,102,229060,15.0,27.0,42.0,warehouse_2,warehouse_2,Northeast,"Dedham, MA",42.231627,-71.176682,Atlantic Salmon 2pk,Meat,Seafood,1,0,0,0,0.3571,0.6429,ok,
2026-09-15,102,667310,12.0,14.0,26.0,warehouse_2,warehouse_2,Northeast,"Dedham, MA",42.231627,-71.176682,Baby Wipes Soft Pack,Baby,Wipes,1,0,0,0,0.4615,0.5385,ok,
2026-09-15,102,667320,8.0,29.0,37.0,warehouse_2,warehouse_2,Northeast,"Dedham, MA",42.231627,-71.176682,Infant Formula Can,Baby,Formula,1,0,0,0,0.2162,0.7838,ok,
2026-09-15,102,330120,9.0,8.0,17.0,warehouse_2,warehouse_2,Northeast,"Dedham, MA",42.231627,-71.176682,Butter Quarters 4pk,Dairy,Butter,1,0,0,0,0.5294,0.4706,ok,
2026-09-15,102,441210,3.0,19.0,22.0,warehouse_2,warehouse_2,Northeast,"Dedham, MA",42.231627,-71.176682,Ballpoint Pens 60ct,Office,Writing,1,0,0,0,0.1364,0.8636,ok,
2026-09-15,102,441220,3.0,11.0,14.0,warehouse_2,warehouse_2,Northeast,"Dedham, MA",42.231627,-71.176682,Sticky Notes Value,Office,Supplies,1,0,0,0,0.2143,0.7857,ok,
2026-09-15,102,990101,15.0,4.0,19.0,warehouse_2,warehouse_2,Northeast,"Dedham, MA",42.231627,-71.176682,Bananas Club Bunch,Produce,Fruit,1,0,0,0,0.7895,0.2105,ok,
2026-09-15,102,990110,0.0,0.0,0.0,warehouse_2,warehouse_2,Northeast,"Dedham, MA",42.231627,-71.176682,Bag Bag 5lb,Produce,Fruit,1,1,0,0,,,true_out,Replenish / order
2026-09-15,102,990120,6.0,18.0,24.0,warehouse_2,warehouse_2,Northeast,"Dedham, MA",42.231627,-71.176682,Romaine Hearts 3pk,Produce,Veg,1,0,0,0,0.25,0.75,ok,
2026-09-15,102,118670,14.0,7.0,21.0,warehouse_2,warehouse_2,Northeast,"Dedham, MA",42.231627,-71.176682,Pasta Sauce Twin Pack,Grocery,Pantry,1,0,0,0,0.6667,0.3333,ok,
2026-09-15,102,118680,6.0,6.0,12.0,warehouse_2,warehouse_2,Northeast,"Dedham, MA",42.231627,-71.176682,Olive Oil 2L,Grocery,Pantry,1,0,0,0,0.5,0.5,ok,
2026-09-15,102,184250,22.0,11.0,33.0,warehouse_2,warehouse_2,Northeast,"Dedham, MA",42.231627,-71.176682,Trash Bags 100ct,Household,Cleaning,1,0,0,0,0.6667,0.3333,ok,
2026-09-15,102,774040,10.0,5.0,15.0,warehouse_2,warehouse_2,Northeast,"Dedham, MA",42.231627,-71.176682,LED Bulbs 8pk,GM,Home,1,0,0,0,0.6667,0.3333,ok,
2026-09-15,102,551930,0.0,37.0,38.0,warehouse_2,warehouse_2,Northeast,"Dedham, MA",42.231627,-71.176682,Potato Salad Tub,Deli,Sides,1,1,1,1,0.0,1.0,phantom+rescue,Floor pull · recount
2026-09-15,102,229070,16.0,18.0,34.0,warehouse_2,warehouse_2,Northeast,"Dedham, MA",42.231627,-71.176682,Salmon Fillet Pack,Meat,Seafood,1,0,0,0,0.4706,0.5294,ok,
2026-09-15,102,330130,20.0,3.0,23.0,warehouse_2,warehouse_2,Northeast,"Dedham, MA",42.231627,-71.176682,Shredded Cheese 2lb,Dairy,Cheese,1,0,0,0,0.8696,0.1304,ok,
2026-09-15,102,667330,7.0,20.0,27.0,warehouse_2,warehouse_2,Northeast,"Dedham, MA",42.231627,-71.176682,Toddler Snacks Box,Baby,Food,1,0,0,0,0.2593,0.7407,ok,
2026-09-15,102,441230,6.0,23.0,29.0,warehouse_2,warehouse_2,Northeast,"Dedham, MA",42.231627,-71.176682,Binder Clips Assort,Office,Supplies,1,0,0,0,0.2069,0.7931,ok,
2026-09-15,102,990130,0.0,0.0,18.0,warehouse_2,warehouse_2,Northeast,"Dedham, MA",42.231627,-71.176682,Blueberries Pint,Produce,Fruit,1,1,1,0,,,phantom,Recount / system fix
2026-09-15,102,118690,22.0,13.0,35.0,warehouse_2,warehouse_2,Northeast,"Dedham, MA",42.231627,-71.176682,Coffee Pods 100ct,Grocery,Beverages,1,0,0,0,0.6286,0.3714,ok,
2026-09-15,103,118634,22.0,6.0,28.0,warehouse_3,warehouse_3,Northeast,"Waltham, MA",42.39436,-71.265464,Bottled Water 40pk,Grocery,Beverages,1,0,0,0,0.7857,0.2143,ok,
2026-09-15,103,184220,6.0,20.0,26.0,warehouse_3,warehouse_3,Northeast,"Waltham, MA",42.39436,-71.265464,Paper Towels 12pk,Household,Paper,1,0,0,0,0.2308,0.7692,ok,
2026-09-15,103,551902,19.0,7.0,26.0,warehouse_3,warehouse_3,Northeast,"Waltham, MA",42.39436,-71.265464,Rotisserie Chicken,Deli,Prepared,1,0,0,0,0.7308,0.2692,ok,
2026-09-15,103,774015,11.0,3.0,14.0,warehouse_3,warehouse_3,Northeast,"Waltham, MA",42.39436,-71.265464,AA Batteries 48ct,GM,Electronics,1,0,0,0,0.7857,0.2143,ok,
2026-09-15,103,445880,3.0,21.0,24.0,warehouse_3,warehouse_3,Northeast,"Waltham, MA",42.39436,-71.265464,Laundry Detergent 2pk,Household,Laundry,1,0,0,0,0.125,0.875,ok,
2026-09-15,103,229045,5.0,1.0,6.0,warehouse_3,warehouse_3,Northeast,"Waltham, MA",42.39436,-71.265464,Chicken Breast Family Pack,Meat,Chicken,1,0,0,0,0.8333,0.1667,ok,
2026-09-15,103,667301,22.0,2.0,24.0,warehouse_3,warehouse_3,Northeast,"Waltham, MA",42.39436,-71.265464,Diapers Size 4,Baby,Diapers,1,0,0,0,0.9167,0.0833,ok,
2026-09-15,103,330112,6.0,19.0,25.0,warehouse_3,warehouse_3,Northeast,"Waltham, MA",42.39436,-71.265464,Whole Milk Gallon,Dairy,Milk,1,0,0,0,0.24,0.76,ok,
2026-09-15,103,330118,16.0,4.0,20.0,warehouse_3,warehouse_3,Northeast,"Waltham, MA",42.39436,-71.265464,Greek Yogurt 12ct,Dairy,Yogurt,1,0,0,0,0.8,0.2,ok,
2026-09-15,103,441201,21.0,12.0,33.0,warehouse_3,warehouse_3,Northeast,"Waltham, MA",42.39436,-71.265464,Copy Paper 5-Ream,Office,Paper,1,0,0,0,0.6364,0.3636,ok,
2026-09-15,103,118640,7.0,15.0,22.0,warehouse_3,warehouse_3,Northeast,"Waltham, MA",42.39436,-71.265464,Sparkling Water 24pk,Grocery,Beverages,1,0,0,0,0.3182,0.6818,ok,
2026-09-15,103,118655,19.0,10.0,29.0,warehouse_3,warehouse_3,Northeast,"Waltham, MA",42.39436,-71.265464,Trail Mix Value Pack,Grocery,Snacks,1,0,0,0,0.6552,0.3448,ok,
2026-09-15,103,184230,7.0,26.0,33.0,warehouse_3,warehouse_3,Northeast,"Waltham, MA",42.39436,-71.265464,Toilet Paper 30ct,Household,Paper,1,0,0,0,0.2121,0.7879,ok,
2026-09-15,103,184240,10.0,1.0,11.0,warehouse_3,warehouse_3,Northeast,"Waltham, MA",42.39436,-71.265464,Disinfecting Wipes 3pk,Household,Cleaning,1,0,0,0,0.9091,0.0909,ok,
2026-09-15,103,551910,0.0,25.0,42.0,warehouse_3,warehouse_3,Northeast,"Waltham, MA",42.39436,-71.265464,Macaroni Salad Tub,Deli,Sides,1,1,1,1,0.0,1.0,phantom+rescue,Floor pull · recount
2026-09-15,103,551920,4.0,19.0,23.0,warehouse_3,warehouse_3,Northeast,"Waltham, MA",42.39436,-71.265464,Turkey Club Sandwich,Deli,Prepared,1,0,0,0,0.1739,0.8261,ok,
2026-09-15,103,774020,17.0,27.0,44.0,warehouse_3,warehouse_3,Northeast,"Waltham, MA",42.39436,-71.265464,HDMI Cable 2-Pack,GM,Electronics,1,0,0,0,0.3864,0.6136,ok,
2026-09-15,103,774030,6.0,6.0,12.0,warehouse_3,warehouse_3,Northeast,"Waltham, MA",42.39436,-71.265464,Phone Charger Kit,GM,Electronics,1,0,0,0,0.5,0.5,ok,
2026-09-15,103,445890,16.0,30.0,46.0,warehouse_3,warehouse_3,Northeast,"Waltham, MA",42.39436,-71.265464,Dryer Sheets 240ct,Household,Laundry,1,0,0,0,0.3478,0.6522,ok,
2026-09-15,103,229050,7.0,9.0,16.0,warehouse_3,warehouse_3,Northeast,"Waltham, MA",42.39436,-71.265464,Chicken Breast Tray,Meat,Poultry,1,0,0,0,0.4375,0.5625,ok,
2026-09-15,103,229060,6.0,26.0,32.0,warehouse_3,warehouse_3,Northeast,"Waltham, MA",42.39436,-71.265464,Atlantic Salmon 2pk,Meat,Seafood,1,0,0,0,0.1875,0.8125,ok,
2026-09-15,103,667310,6.0,2.0,8.0,warehouse_3,warehouse_3,Northeast,"Waltham, MA",42.39436,-71.265464,Baby Wipes Soft Pack,Baby,Wipes,1,0,0,0,0.75,0.25,ok,
2026-09-15,103,667320,0.0,0.0,0.0,warehouse_3,warehouse_3,Northeast,"Waltham, MA",42.39436,-71.265464,Infant Formula Can,Baby,Formula,1,1,0,0,,,true_out,Replenish / order
2026-09-15,103,330120,4.0,0.0,4.0,warehouse_3,warehouse_3,Northeast,"Waltham, MA",42.39436,-71.265464,Butter Quarters 4pk,Dairy,Butter,1,0,0,0,1.0,0.0,ok,
2026-09-15,103,441210,7.0,15.0,22.0,warehouse_3,warehouse_3,Northeast,"Waltham, MA",42.39436,-71.265464,Ballpoint Pens 60ct,Office,Writing,1,0,0,0,0.3182,0.6818,ok,
2026-09-15,103,441220,18.0,27.0,45.0,warehouse_3,warehouse_3,Northeast,"Waltham, MA",42.39436,-71.265464,Sticky Notes Value,Office,Supplies,1,0,0,0,0.4,0.6,ok,
2026-09-15,103,990101,16.0,25.0,41.0,warehouse_3,warehouse_3,Northeast,"Waltham, MA",42.39436,-71.265464,Bananas Club Bunch,Produce,Fruit,1,0,0,0,0.3902,0.6098,ok,
2026-09-15,103,990110,4.0,24.0,28.0,warehouse_3,warehouse_3,Northeast,"Waltham, MA",42.39436,-71.265464,Bag Bag 5lb,Produce,Fruit,1,0,0,0,0.1429,0.8571,ok,
2026-09-15,103,990120,4.0,9.0,13.0,warehouse_3,warehouse_3,Northeast,"Waltham, MA",42.39436,-71.265464,Romaine Hearts 3pk,Produce,Veg,1,0,0,0,0.3077,0.6923,ok,
2026-09-15,103,118670,21.0,7.0,28.0,warehouse_3,warehouse_3,Northeast,"Waltham, MA",42.39436,-71.265464,Pasta Sauce Twin Pack,Grocery,Pantry,1,0,0,0,0.75,0.25,ok,
2026-09-15,103,118680,22.0,20.0,42.0,warehouse_3,warehouse_3,Northeast,"Waltham, MA",42.39436,-71.265464,Olive Oil 2L,Grocery,Pantry,1,0,0,0,0.5238,0.4762,ok,
2026-09-15,103,184250,0.0,12.0,42.0,warehouse_3,warehouse_3,Northeast,"Waltham, MA",42.39436,-71.265464,Trash Bags 100ct,Household,Cleaning,1,1,1,1,0.0,1.0,phantom+rescue,Floor pull · recount
2026-09-15,103,774040,6.0,8.0,14.0,warehouse_3,warehouse_3,Northeast,"Waltham, MA",42.39436,-71.265464,LED Bulbs 8pk,GM,Home,1,0,0,0,0.4286,0.5714,ok,
2026-09-15,103,551930,6.0,21.0,27.0,warehouse_3,warehouse_3,Northeast,"Waltham, MA",42.39436,-71.265464,Potato Salad Tub,Deli,Sides,1,0,0,0,0.2222,0.7778,ok,
2026-09-15,103,229070,15.0,6.0,21.0,warehouse_3,warehouse_3,Northeast,"Waltham, MA",42.39436,-71.265464,Salmon Fillet Pack,Meat,Seafood,1,0,0,0,0.7143,0.2857,ok,
2026-09-15,103,330130,10.0,5.0,15.0,warehouse_3,warehouse_3,Northeast,"Waltham, MA",42.39436,-71.265464,Shredded Cheese 2lb,Dairy,Cheese,1,0,0,0,0.6667,0.3333,ok,
2026-09-15,103,667330,4.0,19.0,23.0,warehouse_3,warehouse_3,Northeast,"Waltham, MA",42.39436,-71.265464,Toddler Snacks Box,Baby,Food,1,0,0,0,0.1739,0.8261,ok,
2026-09-15,103,441230,20.0,12.0,32.0,warehouse_3,warehouse_3,Northeast,"Waltham, MA",42.39436,-71.265464,Binder Clips Assort,Office,Supplies,1,0,0,0,0.625,0.375,ok,
2026-09-15,103,990130,21.0,0.0,21.0,warehouse_3,warehouse_3,Northeast,"Waltham, MA",42.39436,-71.265464,Blueberries Pint,Produce,Fruit,1,0,0,0,1.0,0.0,ok,
2026-09-15,103,118690,6.0,13.0,19.0,warehouse_3,warehouse_3,Northeast,"Waltham, MA",42.39436,-71.265464,Coffee Pods 100ct,Grocery,Beverages,1,0,0,0,0.3158,0.6842,ok,
2026-09-16,101,118634,0.0,25.0,37.0,warehouse_1,warehouse_1,Northeast,"Everett, MA",42.402137,-71.069774,Bottled Water 40pk,Grocery,Beverages,1,1,1,1,0.0,1.0,phantom+rescue,Floor pull · recount
2026-09-16,101,184220,18.0,15.0,33.0,warehouse_1,warehouse_1,Northeast,"Everett, MA",42.402137,-71.069774,Paper Towels 12pk,Household,Paper,1,0,0,0,0.5455,0.4545,ok,
2026-09-16,101,551902,0.0,13.0,16.0,warehouse_1,warehouse_1,Northeast,"Everett, MA",42.402137,-71.069774,Rotisserie Chicken,Deli,Prepared,1,1,1,1,0.0,1.0,phantom+rescue,Floor pull · recount
2026-09-16,101,774015,3.0,29.0,32.0,warehouse_1,warehouse_1,Northeast,"Everett, MA",42.402137,-71.069774,AA Batteries 48ct,GM,Electronics,1,0,0,0,0.0938,0.9062,ok,
2026-09-16,101,445880,6.0,9.0,15.0,warehouse_1,warehouse_1,Northeast,"Everett, MA",42.402137,-71.069774,Laundry Detergent 2pk,Household,Laundry,1,0,0,0,0.4,0.6,ok,
2026-09-16,101,229045,13.0,6.0,19.0,warehouse_1,warehouse_1,Northeast,"Everett, MA",42.402137,-71.069774,Chicken Breast Family Pack,Meat,Chicken,1,0,0,0,0.6842,0.3158,ok,
2026-09-16,101,667301,14.0,26.0,40.0,warehouse_1,warehouse_1,Northeast,"Everett, MA",42.402137,-71.069774,Diapers Size 4,Baby,Diapers,1,0,0,0,0.35,0.65,ok,
2026-09-16,101,330112,0.0,9.0,15.0,warehouse_1,warehouse_1,Northeast,"Everett, MA",42.402137,-71.069774,Whole Milk Gallon,Dairy,Milk,1,1,1,1,0.0,1.0,phantom+rescue,Floor pull · recount
2026-09-16,101,330118,8.0,2.0,10.0,warehouse_1,warehouse_1,Northeast,"Everett, MA",42.402137,-71.069774,Greek Yogurt 12ct,Dairy,Yogurt,1,0,0,0,0.8,0.2,ok,
2026-09-16,101,441201,14.0,13.0,27.0,warehouse_1,warehouse_1,Northeast,"Everett, MA",42.402137,-71.069774,Copy Paper 5-Ream,Office,Paper,1,0,0,0,0.5185,0.4815,ok,
2026-09-16,101,118640,10.0,4.0,14.0,warehouse_1,warehouse_1,Northeast,"Everett, MA",42.402137,-71.069774,Sparkling Water 24pk,Grocery,Beverages,1,0,0,0,0.7143,0.2857,ok,
2026-09-16,101,118655,20.0,27.0,47.0,warehouse_1,warehouse_1,Northeast,"Everett, MA",42.402137,-71.069774,Trail Mix Value Pack,Grocery,Snacks,1,0,0,0,0.4255,0.5745,ok,
2026-09-16,101,184230,0.0,28.0,30.0,warehouse_1,warehouse_1,Northeast,"Everett, MA",42.402137,-71.069774,Toilet Paper 30ct,Household,Paper,1,1,1,1,0.0,1.0,phantom+rescue,Floor pull · recount
2026-09-16,101,184240,7.0,5.0,12.0,warehouse_1,warehouse_1,Northeast,"Everett, MA",42.402137,-71.069774,Disinfecting Wipes 3pk,Household,Cleaning,1,0,0,0,0.5833,0.4167,ok,
2026-09-16,101,551910,7.0,10.0,17.0,warehouse_1,warehouse_1,Northeast,"Everett, MA",42.402137,-71.069774,Macaroni Salad Tub,Deli,Sides,1,0,0,0,0.4118,0.5882,ok,
2026-09-16,101,551920,15.0,19.0,34.0,warehouse_1,warehouse_1,Northeast,"Everett, MA",42.402137,-71.069774,Turkey Club Sandwich,Deli,Prepared,1,0,0,0,0.4412,0.5588,ok,
2026-09-16,101,774020,0.0,0.0,0.0,warehouse_1,warehouse_1,Northeast,"Everett, MA",42.402137,-71.069774,HDMI Cable 2-Pack,GM,Electronics,1,1,0,0,,,true_out,Replenish / order
2026-09-16,101,774030,0.0,9.0,19.0,warehouse_1,warehouse_1,Northeast,"Everett, MA",42.402137,-71.069774,Phone Charger Kit,GM,Electronics,1,1,1,1,0.0,1.0,phantom+rescue,Floor pull · recount
2026-09-16,101,445890,20.0,28.0,48.0,warehouse_1,warehouse_1,Northeast,"Everett, MA",42.402137,-71.069774,Dryer Sheets 240ct,Household,Laundry,1,0,0,0,0.4167,0.5833,ok,
2026-09-16,101,229050,21.0,13.0,34.0,warehouse_1,warehouse_1,Northeast,"Everett, MA",42.402137,-71.069774,Chicken Breast Tray,Meat,Poultry,1,0,0,0,0.6176,0.3824,ok,
2026-09-16,101,229060,6.0,8.0,14.0,warehouse_1,warehouse_1,Northeast,"Everett, MA",42.402137,-71.069774,Atlantic Salmon 2pk,Meat,Seafood,1,0,0,0,0.4286,0.5714,ok,
2026-09-16,101,667310,13.0,29.0,42.0,warehouse_1,warehouse_1,Northeast,"Everett, MA",42.402137,-71.069774,Baby Wipes Soft Pack,Baby,Wipes,1,0,0,0,0.3095,0.6905,ok,
2026-09-16,101,667320,18.0,1.0,19.0,warehouse_1,warehouse_1,Northeast,"Everett, MA",42.402137,-71.069774,Infant Formula Can,Baby,Formula,1,0,0,0,0.9474,0.0526,ok,
2026-09-16,101,330120,11.0,21.0,32.0,warehouse_1,warehouse_1,Northeast,"Everett, MA",42.402137,-71.069774,Butter Quarters 4pk,Dairy,Butter,1,0,0,0,0.3438,0.6562,ok,
2026-09-16,101,441210,7.0,13.0,20.0,warehouse_1,warehouse_1,Northeast,"Everett, MA",42.402137,-71.069774,Ballpoint Pens 60ct,Office,Writing,1,0,0,0,0.35,0.65,ok,
2026-09-16,101,441220,0.0,15.0,16.0,warehouse_1,warehouse_1,Northeast,"Everett, MA",42.402137,-71.069774,Sticky Notes Value,Office,Supplies,1,1,1,1,0.0,1.0,phantom+rescue,Floor pull · recount
2026-09-16,101,990101,6.0,13.0,19.0,warehouse_1,warehouse_1,Northeast,"Everett, MA",42.402137,-71.069774,Bananas Club Bunch,Produce,Fruit,1,0,0,0,0.3158,0.6842,ok,
2026-09-16,101,990110,10.0,8.0,18.0,warehouse_1,warehouse_1,Northeast,"Everett, MA",42.402137,-71.069774,Bag Bag 5lb,Produce,Fruit,1,0,0,0,0.5556,0.4444,ok,
2026-09-16,101,990120,4.0,4.0,8.0,warehouse_1,warehouse_1,Northeast,"Everett, MA",42.402137,-71.069774,Romaine Hearts 3pk,Produce,Veg,1,0,0,0,0.5,0.5,ok,
2026-09-16,101,118670,0.0,9.0,46.0,warehouse_1,warehouse_1,Northeast,"Everett, MA",42.402137,-71.069774,Pasta Sauce Twin Pack,Grocery,Pantry,1,1,1,1,0.0,1.0,phantom+rescue,Floor pull · recount
2026-09-16,101,118680,17.0,17.0,34.0,warehouse_1,warehouse_1,Northeast,"Everett, MA",42.402137,-71.069774,Olive Oil 2L,Grocery,Pantry,1,0,0,0,0.5,0.5,ok,
2026-09-16,101,184250,22.0,24.0,46.0,warehouse_1,warehouse_1,Northeast,"Everett, MA",42.402137,-71.069774,Trash Bags 100ct,Household,Cleaning,1,0,0,0,0.4783,0.5217,ok,
2026-09-16,101,774040,0.0,30.0,50.0,warehouse_1,warehouse_1,Northeast,"Everett, MA",42.402137,-71.069774,LED Bulbs 8pk,GM,Home,1,1,1,1,0.0,1.0,phantom+rescue,Floor pull · recount
2026-09-16,101,551930,18.0,7.0,25.0,warehouse_1,warehouse_1,Northeast,"Everett, MA",42.402137,-71.069774,Potato Salad Tub,Deli,Sides,1,0,0,0,0.72,0.28,ok,
2026-09-16,101,229070,18.0,1.0,19.0,warehouse_1,warehouse_1,Northeast,"Everett, MA",42.402137,-71.069774,Salmon Fillet Pack,Meat,Seafood,1,0,0,0,0.9474,0.0526,ok,
2026-09-16,101,330130,9.0,11.0,20.0,warehouse_1,warehouse_1,Northeast,"Everett, MA",42.402137,-71.069774,Shredded Cheese 2lb,Dairy,Cheese,1,0,0,0,0.45,0.55,ok,
2026-09-16,101,667330,6.0,16.0,22.0,warehouse_1,warehouse_1,Northeast,"Everett, MA",42.402137,-71.069774,Toddler Snacks Box,Baby,Food,1,0,0,0,0.2727,0.7273,ok,
2026-09-16,101,441230,19.0,11.0,30.0,warehouse_1,warehouse_1,Northeast,"Everett, MA",42.402137,-71.069774,Binder Clips Assort,Office,Supplies,1,0,0,0,0.6333,0.3667,ok,
2026-09-16,101,990130,16.0,7.0,23.0,warehouse_1,warehouse_1,Northeast,"Everett, MA",42.402137,-71.069774,Blueberries Pint,Produce,Fruit,1,0,0,0,0.6957,0.3043,ok,
2026-09-16,101,118690,0.0,14.0,40.0,warehouse_1,warehouse_1,Northeast,"Everett, MA",42.402137,-71.069774,Coffee Pods 100ct,Grocery,Beverages,1,1,1,1,0.0,1.0,phantom+rescue,Floor pull · recount
2026-09-16,102,118634,16.0,29.0,45.0,warehouse_2,warehouse_2,Northeast,"Dedham, MA",42.231627,-71.176682,Bottled Water 40pk,Grocery,Beverages,1,0,0,0,0.3556,0.6444,ok,
2026-09-16,102,184220,15.0,14.0,29.0,warehouse_2,warehouse_2,Northeast,"Dedham, MA",42.231627,-71.176682,Paper Towels 12pk,Household,Paper,1,0,0,0,0.5172,0.4828,ok,
2026-09-16,102,551902,6.0,15.0,21.0,warehouse_2,warehouse_2,Northeast,"Dedham, MA",42.231627,-71.176682,Rotisserie Chicken,Deli,Prepared,1,0,0,0,0.2857,0.7143,ok,
2026-09-16,102,774015,5.0,9.0,14.0,warehouse_2,warehouse_2,Northeast,"Dedham, MA",42.231627,-71.176682,AA Batteries 48ct,GM,Electronics,1,0,0,0,0.3571,0.6429,ok,
2026-09-16,102,445880,22.0,5.0,27.0,warehouse_2,warehouse_2,Northeast,"Dedham, MA",42.231627,-71.176682,Laundry Detergent 2pk,Household,Laundry,1,0,0,0,0.8148,0.1852,ok,
2026-09-16,102,229045,12.0,25.0,37.0,warehouse_2,warehouse_2,Northeast,"Dedham, MA",42.231627,-71.176682,Chicken Breast Family Pack,Meat,Chicken,1,0,0,0,0.3243,0.6757,ok,
2026-09-16,102,667301,0.0,30.0,69.0,warehouse_2,warehouse_2,Northeast,"Dedham, MA",42.231627,-71.176682,Diapers Size 4,Baby,Diapers,1,1,1,1,0.0,1.0,phantom+rescue,Floor pull · recount
2026-09-16,102,330112,13.0,12.0,25.0,warehouse_2,warehouse_2,Northeast,"Dedham, MA",42.231627,-71.176682,Whole Milk Gallon,Dairy,Milk,1,0,0,0,0.52,0.48,ok,
2026-09-16,102,330118,0.0,0.0,60.0,warehouse_2,warehouse_2,Northeast,"Dedham, MA",42.231627,-71.176682,Greek Yogurt 12ct,Dairy,Yogurt,1,1,1,0,,,phantom,Recount / system fix
2026-09-16,102,441201,17.0,18.0,35.0,warehouse_2,warehouse_2,Northeast,"Dedham, MA",42.231627,-71.176682,Copy Paper 5-Ream,Office,Paper,1,0,0,0,0.4857,0.5143,ok,
2026-09-16,102,118640,5.0,16.0,21.0,warehouse_2,warehouse_2,Northeast,"Dedham, MA",42.231627,-71.176682,Sparkling Water 24pk,Grocery,Beverages,1,0,0,0,0.2381,0.7619,ok,
2026-09-16,102,118655,5.0,0.0,5.0,warehouse_2,warehouse_2,Northeast,"Dedham, MA",42.231627,-71.176682,Trail Mix Value Pack,Grocery,Snacks,1,0,0,0,1.0,0.0,ok,
2026-09-16,102,184230,7.0,23.0,30.0,warehouse_2,warehouse_2,Northeast,"Dedham, MA",42.231627,-71.176682,Toilet Paper 30ct,Household,Paper,1,0,0,0,0.2333,0.7667,ok,
2026-09-16,102,184240,18.0,6.0,24.0,warehouse_2,warehouse_2,Northeast,"Dedham, MA",42.231627,-71.176682,Disinfecting Wipes 3pk,Household,Cleaning,1,0,0,0,0.75,0.25,ok,
2026-09-16,102,551910,12.0,25.0,37.0,warehouse_2,warehouse_2,Northeast,"Dedham, MA",42.231627,-71.176682,Macaroni Salad Tub,Deli,Sides,1,0,0,0,0.3243,0.6757,ok,
2026-09-16,102,551920,15.0,5.0,20.0,warehouse_2,warehouse_2,Northeast,"Dedham, MA",42.231627,-71.176682,Turkey Club Sandwich,Deli,Prepared,1,0,0,0,0.75,0.25,ok,
2026-09-16,102,774020,10.0,24.0,34.0,warehouse_2,warehouse_2,Northeast,"Dedham, MA",42.231627,-71.176682,HDMI Cable 2-Pack,GM,Electronics,1,0,0,0,0.2941,0.7059,ok,
2026-09-16,102,774030,16.0,30.0,46.0,warehouse_2,warehouse_2,Northeast,"Dedham, MA",42.231627,-71.176682,Phone Charger Kit,GM,Electronics,1,0,0,0,0.3478,0.6522,ok,
2026-09-16,102,445890,14.0,6.0,20.0,warehouse_2,warehouse_2,Northeast,"Dedham, MA",42.231627,-71.176682,Dryer Sheets 240ct,Household,Laundry,1,0,0,0,0.7,0.3,ok,
2026-09-16,102,229050,13.0,20.0,33.0,warehouse_2,warehouse_2,Northeast,"Dedham, MA",42.231627,-71.176682,Chicken Breast Tray,Meat,Poultry,1,0,0,0,0.3939,0.6061,ok,
2026-09-16,102,229060,9.0,12.0,21.0,warehouse_2,warehouse_2,Northeast,"Dedham, MA",42.231627,-71.176682,Atlantic Salmon 2pk,Meat,Seafood,1,0,0,0,0.4286,0.5714,ok,
2026-09-16,102,667310,14.0,17.0,31.0,warehouse_2,warehouse_2,Northeast,"Dedham, MA",42.231627,-71.176682,Baby Wipes Soft Pack,Baby,Wipes,1,0,0,0,0.4516,0.5484,ok,
2026-09-16,102,667320,0.0,28.0,46.0,warehouse_2,warehouse_2,Northeast,"Dedham, MA",42.231627,-71.176682,Infant Formula Can,Baby,Formula,1,1,1,1,0.0,1.0,phantom+rescue,Floor pull · recount
2026-09-16,102,330120,18.0,25.0,43.0,warehouse_2,warehouse_2,Northeast,"Dedham, MA",42.231627,-71.176682,Butter Quarters 4pk,Dairy,Butter,1,0,0,0,0.4186,0.5814,ok,
2026-09-16,102,441210,18.0,13.0,31.0,warehouse_2,warehouse_2,Northeast,"Dedham, MA",42.231627,-71.176682,Ballpoint Pens 60ct,Office,Writing,1,0,0,0,0.5806,0.4194,ok,
2026-09-16,102,441220,13.0,23.0,36.0,warehouse_2,warehouse_2,Northeast,"Dedham, MA",42.231627,-71.176682,Sticky Notes Value,Office,Supplies,1,0,0,0,0.3611,0.6389,ok,
2026-09-16,102,990101,11.0,11.0,22.0,warehouse_2,warehouse_2,Northeast,"Dedham, MA",42.231627,-71.176682,Bananas Club Bunch,Produce,Fruit,1,0,0,0,0.5,0.5,ok,
2026-09-16,102,990110,8.0,24.0,32.0,warehouse_2,warehouse_2,Northeast,"Dedham, MA",42.231627,-71.176682,Bag Bag 5lb,Produce,Fruit,1,0,0,0,0.25,0.75,ok,
2026-09-16,102,990120,19.0,18.0,37.0,warehouse_2,warehouse_2,Northeast,"Dedham, MA",42.231627,-71.176682,Romaine Hearts 3pk,Produce,Veg,1,0,0,0,0.5135,0.4865,ok,
2026-09-16,102,118670,14.0,7.0,21.0,warehouse_2,warehouse_2,Northeast,"Dedham, MA",42.231627,-71.176682,Pasta Sauce Twin Pack,Grocery,Pantry,1,0,0,0,0.6667,0.3333,ok,
2026-09-16,102,118680,6.0,28.0,34.0,warehouse_2,warehouse_2,Northeast,"Dedham, MA",42.231627,-71.176682,Olive Oil 2L,Grocery,Pantry,1,0,0,0,0.1765,0.8235,ok,
2026-09-16,102,184250,22.0,26.0,48.0,warehouse_2,warehouse_2,Northeast,"Dedham, MA",42.231627,-71.176682,Trash Bags 100ct,Household,Cleaning,1,0,0,0,0.4583,0.5417,ok,
2026-09-16,102,774040,14.0,8.0,22.0,warehouse_2,warehouse_2,Northeast,"Dedham, MA",42.231627,-71.176682,LED Bulbs 8pk,GM,Home,1,0,0,0,0.6364,0.3636,ok,
2026-09-16,102,551930,12.0,23.0,35.0,warehouse_2,warehouse_2,Northeast,"Dedham, MA",42.231627,-71.176682,Potato Salad Tub,Deli,Sides,1,0,0,0,0.3429,0.6571,ok,
2026-09-16,102,229070,9.0,0.0,9.0,warehouse_2,warehouse_2,Northeast,"Dedham, MA",42.231627,-71.176682,Salmon Fillet Pack,Meat,Seafood,1,0,0,0,1.0,0.0,ok,
2026-09-16,102,330130,13.0,30.0,43.0,warehouse_2,warehouse_2,Northeast,"Dedham, MA",42.231627,-71.176682,Shredded Cheese 2lb,Dairy,Cheese,1,0,0,0,0.3023,0.6977,ok,
2026-09-16,102,667330,10.0,19.0,29.0,warehouse_2,warehouse_2,Northeast,"Dedham, MA",42.231627,-71.176682,Toddler Snacks Box,Baby,Food,1,0,0,0,0.3448,0.6552,ok,
2026-09-16,102,441230,17.0,14.0,31.0,warehouse_2,warehouse_2,Northeast,"Dedham, MA",42.231627,-71.176682,Binder Clips Assort,Office,Supplies,1,0,0,0,0.5484,0.4516,ok,
2026-09-16,102,990130,21.0,26.0,47.0,warehouse_2,warehouse_2,Northeast,"Dedham, MA",42.231627,-71.176682,Blueberries Pint,Produce,Fruit,1,0,0,0,0.4468,0.5532,ok,
2026-09-16,102,118690,11.0,14.0,25.0,warehouse_2,warehouse_2,Northeast,"Dedham, MA",42.231627,-71.176682,Coffee Pods 100ct,Grocery,Beverages,1,0,0,0,0.44,0.56,ok,
2026-09-16,103,118634,6.0,4.0,10.0,warehouse_3,warehouse_3,Northeast,"Waltham, MA",42.39436,-71.265464,Bottled Water 40pk,Grocery,Beverages,1,0,0,0,0.6,0.4,ok,
2026-09-16,103,184220,19.0,7.0,26.0,warehouse_3,warehouse_3,Northeast,"Waltham, MA",42.39436,-71.265464,Paper Towels 12pk,Household,Paper,1,0,0,0,0.7308,0.2692,ok,
2026-09-16,103,551902,4.0,6.0,10.0,warehouse_3,warehouse_3,Northeast,"Waltham, MA",42.39436,-71.265464,Rotisserie Chicken,Deli,Prepared,1,0,0,0,0.4,0.6,ok,
2026-09-16,103,774015,11.0,11.0,22.0,warehouse_3,warehouse_3,Northeast,"Waltham, MA",42.39436,-71.265464,AA Batteries 48ct,GM,Electronics,1,0,0,0,0.5,0.5,ok,
2026-09-16,103,445880,10.0,26.0,36.0,warehouse_3,warehouse_3,Northeast,"Waltham, MA",42.39436,-71.265464,Laundry Detergent 2pk,Household,Laundry,1,0,0,0,0.2778,0.7222,ok,
2026-09-16,103,229045,12.0,6.0,18.0,warehouse_3,warehouse_3,Northeast,"Waltham, MA",42.39436,-71.265464,Chicken Breast Family Pack,Meat,Chicken,1,0,0,0,0.6667,0.3333,ok,
2026-09-16,103,667301,16.0,28.0,44.0,warehouse_3,warehouse_3,Northeast,"Waltham, MA",42.39436,-71.265464,Diapers Size 4,Baby,Diapers,1,0,0,0,0.3636,0.6364,ok,
2026-09-16,103,330112,9.0,0.0,9.0,warehouse_3,warehouse_3,Northeast,"Waltham, MA",42.39436,-71.265464,Whole Milk Gallon,Dairy,Milk,1,0,0,0,1.0,0.0,ok,
2026-09-16,103,330118,21.0,2.0,23.0,warehouse_3,warehouse_3,Northeast,"Waltham, MA",42.39436,-71.265464,Greek Yogurt 12ct,Dairy,Yogurt,1,0,0,0,0.913,0.087,ok,
2026-09-16,103,441201,4.0,29.0,33.0,warehouse_3,warehouse_3,Northeast,"Waltham, MA",42.39436,-71.265464,Copy Paper 5-Ream,Office,Paper,1,0,0,0,0.1212,0.8788,ok,
2026-09-16,103,118640,18.0,0.0,18.0,warehouse_3,warehouse_3,Northeast,"Waltham, MA",42.39436,-71.265464,Sparkling Water 24pk,Grocery,Beverages,1,0,0,0,1.0,0.0,ok,
2026-09-16,103,118655,9.0,15.0,24.0,warehouse_3,warehouse_3,Northeast,"Waltham, MA",42.39436,-71.265464,Trail Mix Value Pack,Grocery,Snacks,1,0,0,0,0.375,0.625,ok,
2026-09-16,103,184230,18.0,3.0,21.0,warehouse_3,warehouse_3,Northeast,"Waltham, MA",42.39436,-71.265464,Toilet Paper 30ct,Household,Paper,1,0,0,0,0.8571,0.1429,ok,
2026-09-16,103,184240,5.0,16.0,21.0,warehouse_3,warehouse_3,Northeast,"Waltham, MA",42.39436,-71.265464,Disinfecting Wipes 3pk,Household,Cleaning,1,0,0,0,0.2381,0.7619,ok,
2026-09-16,103,551910,15.0,4.0,19.0,warehouse_3,warehouse_3,Northeast,"Waltham, MA",42.39436,-71.265464,Macaroni Salad Tub,Deli,Sides,1,0,0,0,0.7895,0.2105,ok,
2026-09-16,103,551920,19.0,9.0,28.0,warehouse_3,warehouse_3,Northeast,"Waltham, MA",42.39436,-71.265464,Turkey Club Sandwich,Deli,Prepared,1,0,0,0,0.6786,0.3214,ok,
2026-09-16,103,774020,15.0,25.0,40.0,warehouse_3,warehouse_3,Northeast,"Waltham, MA",42.39436,-71.265464,HDMI Cable 2-Pack,GM,Electronics,1,0,0,0,0.375,0.625,ok,
2026-09-16,103,774030,8.0,30.0,38.0,warehouse_3,warehouse_3,Northeast,"Waltham, MA",42.39436,-71.265464,Phone Charger Kit,GM,Electronics,1,0,0,0,0.2105,0.7895,ok,
2026-09-16,103,445890,15.0,20.0,35.0,warehouse_3,warehouse_3,Northeast,"Waltham, MA",42.39436,-71.265464,Dryer Sheets 240ct,Household,Laundry,1,0,0,0,0.4286,0.5714,ok,
2026-09-16,103,229050,22.0,28.0,50.0,warehouse_3,warehouse_3,Northeast,"Waltham, MA",42.39436,-71.265464,Chicken Breast Tray,Meat,Poultry,1,0,0,0,0.44,0.56,ok,
2026-09-16,103,229060,8.0,13.0,21.0,warehouse_3,warehouse_3,Northeast,"Waltham, MA",42.39436,-71.265464,Atlantic Salmon 2pk,Meat,Seafood,1,0,0,0,0.381,0.619,ok,
2026-09-16,103,667310,0.0,30.0,57.0,warehouse_3,warehouse_3,Northeast,"Waltham, MA",42.39436,-71.265464,Baby Wipes Soft Pack,Baby,Wipes,1,1,1,1,0.0,1.0,phantom+rescue,Floor pull · recount
2026-09-16,103,667320,10.0,4.0,14.0,warehouse_3,warehouse_3,Northeast,"Waltham, MA",42.39436,-71.265464,Infant Formula Can,Baby,Formula,1,0,0,0,0.7143,0.2857,ok,
2026-09-16,103,330120,9.0,2.0,11.0,warehouse_3,warehouse_3,Northeast,"Waltham, MA",42.39436,-71.265464,Butter Quarters 4pk,Dairy,Butter,1,0,0,0,0.8182,0.1818,ok,
2026-09-16,103,441210,3.0,28.0,31.0,warehouse_3,warehouse_3,Northeast,"Waltham, MA",42.39436,-71.265464,Ballpoint Pens 60ct,Office,Writing,1,0,0,0,0.0968,0.9032,ok,
2026-09-16,103,441220,12.0,9.0,21.0,warehouse_3,warehouse_3,Northeast,"Waltham, MA",42.39436,-71.265464,Sticky Notes Value,Office,Supplies,1,0,0,0,0.5714,0.4286,ok,
2026-09-16,103,990101,6.0,23.0,29.0,warehouse_3,warehouse_3,Northeast,"Waltham, MA",42.39436,-71.265464,Bananas Club Bunch,Produce,Fruit,1,0,0,0,0.2069,0.7931,ok,
2026-09-16,103,990110,6.0,23.0,29.0,warehouse_3,warehouse_3,Northeast,"Waltham, MA",42.39436,-71.265464,Bag Bag 5lb,Produce,Fruit,1,0,0,0,0.2069,0.7931,ok,
2026-09-16,103,990120,16.0,15.0,31.0,warehouse_3,warehouse_3,Northeast,"Waltham, MA",42.39436,-71.265464,Romaine Hearts 3pk,Produce,Veg,1,0,0,0,0.5161,0.4839,ok,
2026-09-16,103,118670,21.0,19.0,40.0,warehouse_3,warehouse_3,Northeast,"Waltham, MA",42.39436,-71.265464,Pasta Sauce Twin Pack,Grocery,Pantry,1,0,0,0,0.525,0.475,ok,
2026-09-16,103,118680,4.0,19.0,23.0,warehouse_3,warehouse_3,Northeast,"Waltham, MA",42.39436,-71.265464,Olive Oil 2L,Grocery,Pantry,1,0,0,0,0.1739,0.8261,ok,
2026-09-16,103,184250,10.0,4.0,14.0,warehouse_3,warehouse_3,Northeast,"Waltham, MA",42.39436,-71.265464,Trash Bags 100ct,Household,Cleaning,1,0,0,0,0.7143,0.2857,ok,
2026-09-16,103,774040,8.0,16.0,24.0,warehouse_3,warehouse_3,Northeast,"Waltham, MA",42.39436,-71.265464,LED Bulbs 8pk,GM,Home,1,0,0,0,0.3333,0.6667,ok,
2026-09-16,103,551930,5.0,17.0,22.0,warehouse_3,warehouse_3,Northeast,"Waltham, MA",42.39436,-71.265464,Potato Salad Tub,Deli,Sides,1,0,0,0,0.2273,0.7727,ok,
2026-09-16,103,229070,11.0,27.0,38.0,warehouse_3,warehouse_3,Northeast,"Waltham, MA",42.39436,-71.265464,Salmon Fillet Pack,Meat,Seafood,1,0,0,0,0.2895,0.7105,ok,
2026-09-16,103,330130,15.0,14.0,29.0,warehouse_3,warehouse_3,Northeast,"Waltham, MA",42.39436,-71.265464,Shredded Cheese 2lb,Dairy,Cheese,1,0,0,0,0.5172,0.4828,ok,
2026-09-16,103,667330,4.0,16.0,20.0,warehouse_3,warehouse_3,Northeast,"Waltham, MA",42.39436,-71.265464,Toddler Snacks Box,Baby,Food,1,0,0,0,0.2,0.8,ok,
2026-09-16,103,441230,6.0,4.0,10.0,warehouse_3,warehouse_3,Northeast,"Waltham, MA",42.39436,-71.265464,Binder Clips Assort,Office,Supplies,1,0,0,0,0.6,0.4,ok,
2026-09-16,103,990130,12.0,4.0,16.0,warehouse_3,warehouse_3,Northeast,"Waltham, MA",42.39436,-71.265464,Blueberries Pint,Produce,Fruit,1,0,0,0,0.75,0.25,ok,
2026-09-16,103,118690,0.0,9.0,46.0,warehouse_3,warehouse_3,Northeast,"Waltham, MA",42.39436,-71.265464,Coffee Pods 100ct,Grocery,Beverages,1,1,1,1,0.0,1.0,phantom+rescue,Floor pull · recount
2026-09-17,101,118634,4.0,18.0,22.0,warehouse_1,warehouse_1,Northeast,"Everett, MA",42.402137,-71.069774,Bottled Water 40pk,Grocery,Beverages,1,0,0,0,0.1818,0.8182,ok,
2026-09-17,101,184220,10.0,19.0,29.0,warehouse_1,warehouse_1,Northeast,"Everett, MA",42.402137,-71.069774,Paper Towels 12pk,Household,Paper,1,0,0,0,0.3448,0.6552,ok,
2026-09-17,101,551902,21.0,6.0,27.0,warehouse_1,warehouse_1,Northeast,"Everett, MA",42.402137,-71.069774,Rotisserie Chicken,Deli,Prepared,1,0,0,0,0.7778,0.2222,ok,
2026-09-17,101,774015,16.0,5.0,21.0,warehouse_1,warehouse_1,Northeast,"Everett, MA",42.402137,-71.069774,AA Batteries 48ct,GM,Electronics,1,0,0,0,0.7619,0.2381,ok,
2026-09-17,101,445880,3.0,17.0,20.0,warehouse_1,warehouse_1,Northeast,"Everett, MA",42.402137,-71.069774,Laundry Detergent 2pk,Household,Laundry,1,0,0,0,0.15,0.85,ok,
2026-09-17,101,229045,12.0,12.0,24.0,warehouse_1,warehouse_1,Northeast,"Everett, MA",42.402137,-71.069774,Chicken Breast Family Pack,Meat,Chicken,1,0,0,0,0.5,0.5,ok,
2026-09-17,101,667301,5.0,26.0,31.0,warehouse_1,warehouse_1,Northeast,"Everett, MA",42.402137,-71.069774,Diapers Size 4,Baby,Diapers,1,0,0,0,0.1613,0.8387,ok,
2026-09-17,101,330112,4.0,15.0,19.0,warehouse_1,warehouse_1,Northeast,"Everett, MA",42.402137,-71.069774,Whole Milk Gallon,Dairy,Milk,1,0,0,0,0.2105,0.7895,ok,
2026-09-17,101,330118,9.0,26.0,35.0,warehouse_1,warehouse_1,Northeast,"Everett, MA",42.402137,-71.069774,Greek Yogurt 12ct,Dairy,Yogurt,1,0,0,0,0.2571,0.7429,ok,
2026-09-17,101,441201,5.0,22.0,27.0,warehouse_1,warehouse_1,Northeast,"Everett, MA",42.402137,-71.069774,Copy Paper 5-Ream,Office,Paper,1,0,0,0,0.1852,0.8148,ok,
2026-09-17,101,118640,6.0,13.0,19.0,warehouse_1,warehouse_1,Northeast,"Everett, MA",42.402137,-71.069774,Sparkling Water 24pk,Grocery,Beverages,1,0,0,0,0.3158,0.6842,ok,
2026-09-17,101,118655,0.0,29.0,41.0,warehouse_1,warehouse_1,Northeast,"Everett, MA",42.402137,-71.069774,Trail Mix Value Pack,Grocery,Snacks,1,1,1,1,0.0,1.0,phantom+rescue,Floor pull · recount
2026-09-17,101,184230,10.0,29.0,39.0,warehouse_1,warehouse_1,Northeast,"Everett, MA",42.402137,-71.069774,Toilet Paper 30ct,Household,Paper,1,0,0,0,0.2564,0.7436,ok,
2026-09-17,101,184240,9.0,3.0,12.0,warehouse_1,warehouse_1,Northeast,"Everett, MA",42.402137,-71.069774,Disinfecting Wipes 3pk,Household,Cleaning,1,0,0,0,0.75,0.25,ok,
2026-09-17,101,551910,16.0,26.0,42.0,warehouse_1,warehouse_1,Northeast,"Everett, MA",42.402137,-71.069774,Macaroni Salad Tub,Deli,Sides,1,0,0,0,0.381,0.619,ok,
2026-09-17,101,551920,12.0,16.0,28.0,warehouse_1,warehouse_1,Northeast,"Everett, MA",42.402137,-71.069774,Turkey Club Sandwich,Deli,Prepared,1,0,0,0,0.4286,0.5714,ok,
2026-09-17,101,774020,9.0,2.0,11.0,warehouse_1,warehouse_1,Northeast,"Everett, MA",42.402137,-71.069774,HDMI Cable 2-Pack,GM,Electronics,1,0,0,0,0.8182,0.1818,ok,
2026-09-17,101,774030,17.0,23.0,40.0,warehouse_1,warehouse_1,Northeast,"Everett, MA",42.402137,-71.069774,Phone Charger Kit,GM,Electronics,1,0,0,0,0.425,0.575,ok,
2026-09-17,101,445890,0.0,0.0,0.0,warehouse_1,warehouse_1,Northeast,"Everett, MA",42.402137,-71.069774,Dryer Sheets 240ct,Household,Laundry,1,1,0,0,,,true_out,Replenish / order
2026-09-17,101,229050,15.0,24.0,39.0,warehouse_1,warehouse_1,Northeast,"Everett, MA",42.402137,-71.069774,Chicken Breast Tray,Meat,Poultry,1,0,0,0,0.3846,0.6154,ok,
2026-09-17,101,229060,9.0,30.0,39.0,warehouse_1,warehouse_1,Northeast,"Everett, MA",42.402137,-71.069774,Atlantic Salmon 2pk,Meat,Seafood,1,0,0,0,0.2308,0.7692,ok,
2026-09-17,101,667310,18.0,1.0,19.0,warehouse_1,warehouse_1,Northeast,"Everett, MA",42.402137,-71.069774,Baby Wipes Soft Pack,Baby,Wipes,1,0,0,0,0.9474,0.0526,ok,
2026-09-17,101,667320,18.0,18.0,36.0,warehouse_1,warehouse_1,Northeast,"Everett, MA",42.402137,-71.069774,Infant Formula Can,Baby,Formula,1,0,0,0,0.5,0.5,ok,
2026-09-17,101,330120,3.0,30.0,33.0,warehouse_1,warehouse_1,Northeast,"Everett, MA",42.402137,-71.069774,Butter Quarters 4pk,Dairy,Butter,1,0,0,0,0.0909,0.9091,ok,
2026-09-17,101,441210,6.0,9.0,15.0,warehouse_1,warehouse_1,Northeast,"Everett, MA",42.402137,-71.069774,Ballpoint Pens 60ct,Office,Writing,1,0,0,0,0.4,0.6,ok,
2026-09-17,101,441220,5.0,27.0,32.0,warehouse_1,warehouse_1,Northeast,"Everett, MA",42.402137,-71.069774,Sticky Notes Value,Office,Supplies,1,0,0,0,0.1562,0.8438,ok,
2026-09-17,101,990101,0.0,29.0,51.0,warehouse_1,warehouse_1,Northeast,"Everett, MA",42.402137,-71.069774,Bananas Club Bunch,Produce,Fruit,1,1,1,1,0.0,1.0,phantom+rescue,Floor pull · recount
2026-09-17,101,990110,4.0,11.0,15.0,warehouse_1,warehouse_1,Northeast,"Everett, MA",42.402137,-71.069774,Bag Bag 5lb,Produce,Fruit,1,0,0,0,0.2667,0.7333,ok,
2026-09-17,101,990120,18.0,20.0,38.0,warehouse_1,warehouse_1,Northeast,"Everett, MA",42.402137,-71.069774,Romaine Hearts 3pk,Produce,Veg,1,0,0,0,0.4737,0.5263,ok,
2026-09-17,101,118670,0.0,0.0,27.0,warehouse_1,warehouse_1,Northeast,"Everett, MA",42.402137,-71.069774,Pasta Sauce Twin Pack,Grocery,Pantry,1,1,1,0,,,phantom,Recount / system fix
2026-09-17,101,118680,22.0,16.0,38.0,warehouse_1,warehouse_1,Northeast,"Everett, MA",42.402137,-71.069774,Olive Oil 2L,Grocery,Pantry,1,0,0,0,0.5789,0.4211,ok,
2026-09-17,101,184250,5.0,23.0,28.0,warehouse_1,warehouse_1,Northeast,"Everett, MA",42.402137,-71.069774,Trash Bags 100ct,Household,Cleaning,1,0,0,0,0.1786,0.8214,ok,
2026-09-17,101,774040,19.0,14.0,33.0,warehouse_1,warehouse_1,Northeast,"Everett, MA",42.402137,-71.069774,LED Bulbs 8pk,GM,Home,1,0,0,0,0.5758,0.4242,ok,
2026-09-17,101,551930,7.0,18.0,25.0,warehouse_1,warehouse_1,Northeast,"Everett, MA",42.402137,-71.069774,Potato Salad Tub,Deli,Sides,1,0,0,0,0.28,0.72,ok,
2026-09-17,101,229070,10.0,28.0,38.0,warehouse_1,warehouse_1,Northeast,"Everett, MA",42.402137,-71.069774,Salmon Fillet Pack,Meat,Seafood,1,0,0,0,0.2632,0.7368,ok,
2026-09-17,101,330130,8.0,20.0,28.0,warehouse_1,warehouse_1,Northeast,"Everett, MA",42.402137,-71.069774,Shredded Cheese 2lb,Dairy,Cheese,1,0,0,0,0.2857,0.7143,ok,
2026-09-17,101,667330,11.0,24.0,35.0,warehouse_1,warehouse_1,Northeast,"Everett, MA",42.402137,-71.069774,Toddler Snacks Box,Baby,Food,1,0,0,0,0.3143,0.6857,ok,
2026-09-17,101,441230,0.0,23.0,58.0,warehouse_1,warehouse_1,Northeast,"Everett, MA",42.402137,-71.069774,Binder Clips Assort,Office,Supplies,1,1,1,1,0.0,1.0,phantom+rescue,Floor pull · recount
2026-09-17,101,990130,18.0,16.0,34.0,warehouse_1,warehouse_1,Northeast,"Everett, MA",42.402137,-71.069774,Blueberries Pint,Produce,Fruit,1,0,0,0,0.5294,0.4706,ok,
2026-09-17,101,118690,10.0,28.0,38.0,warehouse_1,warehouse_1,Northeast,"Everett, MA",42.402137,-71.069774,Coffee Pods 100ct,Grocery,Beverages,1,0,0,0,0.2632,0.7368,ok,
2026-09-17,102,118634,20.0,6.0,26.0,warehouse_2,warehouse_2,Northeast,"Dedham, MA",42.231627,-71.176682,Bottled Water 40pk,Grocery,Beverages,1,0,0,0,0.7692,0.2308,ok,
2026-09-17,102,184220,19.0,21.0,40.0,warehouse_2,warehouse_2,Northeast,"Dedham, MA",42.231627,-71.176682,Paper Towels 12pk,Household,Paper,1,0,0,0,0.475,0.525,ok,
2026-09-17,102,551902,16.0,4.0,20.0,warehouse_2,warehouse_2,Northeast,"Dedham, MA",42.231627,-71.176682,Rotisserie Chicken,Deli,Prepared,1,0,0,0,0.8,0.2,ok,
2026-09-17,102,774015,9.0,5.0,14.0,warehouse_2,warehouse_2,Northeast,"Dedham, MA",42.231627,-71.176682,AA Batteries 48ct,GM,Electronics,1,0,0,0,0.6429,0.3571,ok,
2026-09-17,102,445880,16.0,8.0,24.0,warehouse_2,warehouse_2,Northeast,"Dedham, MA",42.231627,-71.176682,Laundry Detergent 2pk,Household,Laundry,1,0,0,0,0.6667,0.3333,ok,
2026-09-17,102,229045,3.0,23.0,26.0,warehouse_2,warehouse_2,Northeast,"Dedham, MA",42.231627,-71.176682,Chicken Breast Family Pack,Meat,Chicken,1,0,0,0,0.1154,0.8846,ok,
2026-09-17,102,667301,13.0,28.0,41.0,warehouse_2,warehouse_2,Northeast,"Dedham, MA",42.231627,-71.176682,Diapers Size 4,Baby,Diapers,1,0,0,0,0.3171,0.6829,ok,
2026-09-17,102,330112,17.0,13.0,30.0,warehouse_2,warehouse_2,Northeast,"Dedham, MA",42.231627,-71.176682,Whole Milk Gallon,Dairy,Milk,1,0,0,0,0.5667,0.4333,ok,
2026-09-17,102,330118,9.0,2.0,11.0,warehouse_2,warehouse_2,Northeast,"Dedham, MA",42.231627,-71.176682,Greek Yogurt 12ct,Dairy,Yogurt,1,0,0,0,0.8182,0.1818,ok,
2026-09-17,102,441201,4.0,6.0,10.0,warehouse_2,warehouse_2,Northeast,"Dedham, MA",42.231627,-71.176682,Copy Paper 5-Ream,Office,Paper,1,0,0,0,0.4,0.6,ok,
2026-09-17,102,118640,18.0,18.0,36.0,warehouse_2,warehouse_2,Northeast,"Dedham, MA",42.231627,-71.176682,Sparkling Water 24pk,Grocery,Beverages,1,0,0,0,0.5,0.5,ok,
2026-09-17,102,118655,22.0,25.0,47.0,warehouse_2,warehouse_2,Northeast,"Dedham, MA",42.231627,-71.176682,Trail Mix Value Pack,Grocery,Snacks,1,0,0,0,0.4681,0.5319,ok,
2026-09-17,102,184230,4.0,18.0,22.0,warehouse_2,warehouse_2,Northeast,"Dedham, MA",42.231627,-71.176682,Toilet Paper 30ct,Household,Paper,1,0,0,0,0.1818,0.8182,ok,
2026-09-17,102,184240,19.0,2.0,21.0,warehouse_2,warehouse_2,Northeast,"Dedham, MA",42.231627,-71.176682,Disinfecting Wipes 3pk,Household,Cleaning,1,0,0,0,0.9048,0.0952,ok,
2026-09-17,102,551910,21.0,14.0,35.0,warehouse_2,warehouse_2,Northeast,"Dedham, MA",42.231627,-71.176682,Macaroni Salad Tub,Deli,Sides,1,0,0,0,0.6,0.4,ok,
2026-09-17,102,551920,14.0,0.0,14.0,warehouse_2,warehouse_2,Northeast,"Dedham, MA",42.231627,-71.176682,Turkey Club Sandwich,Deli,Prepared,1,0,0,0,1.0,0.0,ok,
2026-09-17,102,774020,5.0,17.0,22.0,warehouse_2,warehouse_2,Northeast,"Dedham, MA",42.231627,-71.176682,HDMI Cable 2-Pack,GM,Electronics,1,0,0,0,0.2273,0.7727,ok,
2026-09-17,102,774030,3.0,9.0,12.0,warehouse_2,warehouse_2,Northeast,"Dedham, MA",42.231627,-71.176682,Phone Charger Kit,GM,Electronics,1,0,0,0,0.25,0.75,ok,
2026-09-17,102,445890,0.0,0.0,0.0,warehouse_2,warehouse_2,Northeast,"Dedham, MA",42.231627,-71.176682,Dryer Sheets 240ct,Household,Laundry,1,1,0,0,,,true_out,Replenish / order
2026-09-17,102,229050,9.0,27.0,36.0,warehouse_2,warehouse_2,Northeast,"Dedham, MA",42.231627,-71.176682,Chicken Breast Tray,Meat,Poultry,1,0,0,0,0.25,0.75,ok,
2026-09-17,102,229060,5.0,30.0,35.0,warehouse_2,warehouse_2,Northeast,"Dedham, MA",42.231627,-71.176682,Atlantic Salmon 2pk,Meat,Seafood,1,0,0,0,0.1429,0.8571,ok,
2026-09-17,102,667310,20.0,17.0,37.0,warehouse_2,warehouse_2,Northeast,"Dedham, MA",42.231627,-71.176682,Baby Wipes Soft Pack,Baby,Wipes,1,0,0,0,0.5405,0.4595,ok,
2026-09-17,102,667320,3.0,4.0,7.0,warehouse_2,warehouse_2,Northeast,"Dedham, MA",42.231627,-71.176682,Infant Formula Can,Baby,Formula,1,0,0,0,0.4286,0.5714,ok,
2026-09-17,102,330120,13.0,20.0,33.0,warehouse_2,warehouse_2,Northeast,"Dedham, MA",42.231627,-71.176682,Butter Quarters 4pk,Dairy,Butter,1,0,0,0,0.3939,0.6061,ok,
2026-09-17,102,441210,14.0,20.0,34.0,warehouse_2,warehouse_2,Northeast,"Dedham, MA",42.231627,-71.176682,Ballpoint Pens 60ct,Office,Writing,1,0,0,0,0.4118,0.5882,ok,
2026-09-17,102,441220,9.0,5.0,14.0,warehouse_2,warehouse_2,Northeast,"Dedham, MA",42.231627,-71.176682,Sticky Notes Value,Office,Supplies,1,0,0,0,0.6429,0.3571,ok,
2026-09-17,102,990101,22.0,29.0,51.0,warehouse_2,warehouse_2,Northeast,"Dedham, MA",42.231627,-71.176682,Bananas Club Bunch,Produce,Fruit,1,0,0,0,0.4314,0.5686,ok,
2026-09-17,102,990110,8.0,3.0,11.0,warehouse_2,warehouse_2,Northeast,"Dedham, MA",42.231627,-71.176682,Bag Bag 5lb,Produce,Fruit,1,0,0,0,0.7273,0.2727,ok,
2026-09-17,102,990120,17.0,19.0,36.0,warehouse_2,warehouse_2,Northeast,"Dedham, MA",42.231627,-71.176682,Romaine Hearts 3pk,Produce,Veg,1,0,0,0,0.4722,0.5278,ok,
2026-09-17,102,118670,21.0,22.0,43.0,warehouse_2,warehouse_2,Northeast,"Dedham, MA",42.231627,-71.176682,Pasta Sauce Twin Pack,Grocery,Pantry,1,0,0,0,0.4884,0.5116,ok,
2026-09-17,102,118680,15.0,19.0,34.0,warehouse_2,warehouse_2,Northeast,"Dedham, MA",42.231627,-71.176682,Olive Oil 2L,Grocery,Pantry,1,0,0,0,0.4412,0.5588,ok,
2026-09-17,102,184250,5.0,29.0,34.0,warehouse_2,warehouse_2,Northeast,"Dedham, MA",42.231627,-71.176682,Trash Bags 100ct,Household,Cleaning,1,0,0,0,0.1471,0.8529,ok,
2026-09-17,102,774040,22.0,15.0,37.0,warehouse_2,warehouse_2,Northeast,"Dedham, MA",42.231627,-71.176682,LED Bulbs 8pk,GM,Home,1,0,0,0,0.5946,0.4054,ok,
2026-09-17,102,551930,15.0,4.0,19.0,warehouse_2,warehouse_2,Northeast,"Dedham, MA",42.231627,-71.176682,Potato Salad Tub,Deli,Sides,1,0,0,0,0.7895,0.2105,ok,
2026-09-17,102,229070,3.0,28.0,31.0,warehouse_2,warehouse_2,Northeast,"Dedham, MA",42.231627,-71.176682,Salmon Fillet Pack,Meat,Seafood,1,0,0,0,0.0968,0.9032,ok,
2026-09-17,102,330130,17.0,11.0,28.0,warehouse_2,warehouse_2,Northeast,"Dedham, MA",42.231627,-71.176682,Shredded Cheese 2lb,Dairy,Cheese,1,0,0,0,0.6071,0.3929,ok,
2026-09-17,102,667330,20.0,2.0,22.0,warehouse_2,warehouse_2,Northeast,"Dedham, MA",42.231627,-71.176682,Toddler Snacks Box,Baby,Food,1,0,0,0,0.9091,0.0909,ok,
2026-09-17,102,441230,5.0,5.0,10.0,warehouse_2,warehouse_2,Northeast,"Dedham, MA",42.231627,-71.176682,Binder Clips Assort,Office,Supplies,1,0,0,0,0.5,0.5,ok,
2026-09-17,102,990130,8.0,18.0,26.0,warehouse_2,warehouse_2,Northeast,"Dedham, MA",42.231627,-71.176682,Blueberries Pint,Produce,Fruit,1,0,0,0,0.3077,0.6923,ok,
2026-09-17,102,118690,18.0,1.0,19.0,warehouse_2,warehouse_2,Northeast,"Dedham, MA",42.231627,-71.176682,Coffee Pods 100ct,Grocery,Beverages,1,0,0,0,0.9474,0.0526,ok,
2026-09-17,103,118634,21.0,22.0,43.0,warehouse_3,warehouse_3,Northeast,"Waltham, MA",42.39436,-71.265464,Bottled Water 40pk,Grocery,Beverages,1,0,0,0,0.4884,0.5116,ok,
2026-09-17,103,184220,7.0,26.0,33.0,warehouse_3,warehouse_3,Northeast,"Waltham, MA",42.39436,-71.265464,Paper Towels 12pk,Household,Paper,1,0,0,0,0.2121,0.7879,ok,
2026-09-17,103,551902,5.0,9.0,14.0,warehouse_3,warehouse_3,Northeast,"Waltham, MA",42.39436,-71.265464,Rotisserie Chicken,Deli,Prepared,1,0,0,0,0.3571,0.6429,ok,
2026-09-17,103,774015,0.0,21.0,61.0,warehouse_3,warehouse_3,Northeast,"Waltham, MA",42.39436,-71.265464,AA Batteries 48ct,GM,Electronics,1,1,1,1,0.0,1.0,phantom+rescue,Floor pull · recount
2026-09-17,103,445880,5.0,4.0,9.0,warehouse_3,warehouse_3,Northeast,"Waltham, MA",42.39436,-71.265464,Laundry Detergent 2pk,Household,Laundry,1,0,0,0,0.5556,0.4444,ok,
2026-09-17,103,229045,20.0,29.0,49.0,warehouse_3,warehouse_3,Northeast,"Waltham, MA",42.39436,-71.265464,Chicken Breast Family Pack,Meat,Chicken,1,0,0,0,0.4082,0.5918,ok,
2026-09-17,103,667301,13.0,29.0,42.0,warehouse_3,warehouse_3,Northeast,"Waltham, MA",42.39436,-71.265464,Diapers Size 4,Baby,Diapers,1,0,0,0,0.3095,0.6905,ok,
2026-09-17,103,330112,16.0,8.0,24.0,warehouse_3,warehouse_3,Northeast,"Waltham, MA",42.39436,-71.265464,Whole Milk Gallon,Dairy,Milk,1,0,0,0,0.6667,0.3333,ok,
2026-09-17,103,330118,3.0,25.0,28.0,warehouse_3,warehouse_3,Northeast,"Waltham, MA",42.39436,-71.265464,Greek Yogurt 12ct,Dairy,Yogurt,1,0,0,0,0.1071,0.8929,ok,
2026-09-17,103,441201,7.0,2.0,9.0,warehouse_3,warehouse_3,Northeast,"Waltham, MA",42.39436,-71.265464,Copy Paper 5-Ream,Office,Paper,1,0,0,0,0.7778,0.2222,ok,
2026-09-17,103,118640,10.0,14.0,24.0,warehouse_3,warehouse_3,Northeast,"Waltham, MA",42.39436,-71.265464,Sparkling Water 24pk,Grocery,Beverages,1,0,0,0,0.4167,0.5833,ok,
2026-09-17,103,118655,16.0,5.0,21.0,warehouse_3,warehouse_3,Northeast,"Waltham, MA",42.39436,-71.265464,Trail Mix Value Pack,Grocery,Snacks,1,0,0,0,0.7619,0.2381,ok,
2026-09-17,103,184230,10.0,16.0,26.0,warehouse_3,warehouse_3,Northeast,"Waltham, MA",42.39436,-71.265464,Toilet Paper 30ct,Household,Paper,1,0,0,0,0.3846,0.6154,ok,
2026-09-17,103,184240,5.0,25.0,30.0,warehouse_3,warehouse_3,Northeast,"Waltham, MA",42.39436,-71.265464,Disinfecting Wipes 3pk,Household,Cleaning,1,0,0,0,0.1667,0.8333,ok,
2026-09-17,103,551910,16.0,26.0,42.0,warehouse_3,warehouse_3,Northeast,"Waltham, MA",42.39436,-71.265464,Macaroni Salad Tub,Deli,Sides,1,0,0,0,0.381,0.619,ok,
2026-09-17,103,551920,14.0,10.0,24.0,warehouse_3,warehouse_3,Northeast,"Waltham, MA",42.39436,-71.265464,Turkey Club Sandwich,Deli,Prepared,1,0,0,0,0.5833,0.4167,ok,
2026-09-17,103,774020,4.0,11.0,15.0,warehouse_3,warehouse_3,Northeast,"Waltham, MA",42.39436,-71.265464,HDMI Cable 2-Pack,GM,Electronics,1,0,0,0,0.2667,0.7333,ok,
2026-09-17,103,774030,16.0,30.0,46.0,warehouse_3,warehouse_3,Northeast,"Waltham, MA",42.39436,-71.265464,Phone Charger Kit,GM,Electronics,1,0,0,0,0.3478,0.6522,ok,
2026-09-17,103,445890,0.0,0.0,60.0,warehouse_3,warehouse_3,Northeast,"Waltham, MA",42.39436,-71.265464,Dryer Sheets 240ct,Household,Laundry,1,1,1,0,,,phantom,Recount / system fix
2026-09-17,103,229050,0.0,29.0,36.0,warehouse_3,warehouse_3,Northeast,"Waltham, MA",42.39436,-71.265464,Chicken Breast Tray,Meat,Poultry,1,1,1,1,0.0,1.0,phantom+rescue,Floor pull · recount
2026-09-17,103,229060,22.0,30.0,52.0,warehouse_3,warehouse_3,Northeast,"Waltham, MA",42.39436,-71.265464,Atlantic Salmon 2pk,Meat,Seafood,1,0,0,0,0.4231,0.5769,ok,
2026-09-17,103,667310,8.0,3.0,11.0,warehouse_3,warehouse_3,Northeast,"Waltham, MA",42.39436,-71.265464,Baby Wipes Soft Pack,Baby,Wipes,1,0,0,0,0.7273,0.2727,ok,
2026-09-17,103,667320,3.0,17.0,20.0,warehouse_3,warehouse_3,Northeast,"Waltham, MA",42.39436,-71.265464,Infant Formula Can,Baby,Formula,1,0,0,0,0.15,0.85,ok,
2026-09-17,103,330120,5.0,22.0,27.0,warehouse_3,warehouse_3,Northeast,"Waltham, MA",42.39436,-71.265464,Butter Quarters 4pk,Dairy,Butter,1,0,0,0,0.1852,0.8148,ok,
2026-09-17,103,441210,9.0,6.0,15.0,warehouse_3,warehouse_3,Northeast,"Waltham, MA",42.39436,-71.265464,Ballpoint Pens 60ct,Office,Writing,1,0,0,0,0.6,0.4,ok,
2026-09-17,103,441220,9.0,7.0,16.0,warehouse_3,warehouse_3,Northeast,"Waltham, MA",42.39436,-71.265464,Sticky Notes Value,Office,Supplies,1,0,0,0,0.5625,0.4375,ok,
2026-09-17,103,990101,5.0,16.0,21.0,warehouse_3,warehouse_3,Northeast,"Waltham, MA",42.39436,-71.265464,Bananas Club Bunch,Produce,Fruit,1,0,0,0,0.2381,0.7619,ok,
2026-09-17,103,990110,13.0,17.0,30.0,warehouse_3,warehouse_3,Northeast,"Waltham, MA",42.39436,-71.265464,Bag Bag 5lb,Produce,Fruit,1,0,0,0,0.4333,0.5667,ok,
2026-09-17,103,990120,11.0,24.0,35.0,warehouse_3,warehouse_3,Northeast,"Waltham, MA",42.39436,-71.265464,Romaine Hearts 3pk,Produce,Veg,1,0,0,0,0.3143,0.6857,ok,
2026-09-17,103,118670,15.0,25.0,40.0,warehouse_3,warehouse_3,Northeast,"Waltham, MA",42.39436,-71.265464,Pasta Sauce Twin Pack,Grocery,Pantry,1,0,0,0,0.375,0.625,ok,
2026-09-17,103,118680,18.0,6.0,24.0,warehouse_3,warehouse_3,Northeast,"Waltham, MA",42.39436,-71.265464,Olive Oil 2L,Grocery,Pantry,1,0,0,0,0.75,0.25,ok,
2026-09-17,103,184250,12.0,19.0,31.0,warehouse_3,warehouse_3,Northeast,"Waltham, MA",42.39436,-71.265464,Trash Bags 100ct,Household,Cleaning,1,0,0,0,0.3871,0.6129,ok,
2026-09-17,103,774040,22.0,14.0,36.0,warehouse_3,warehouse_3,Northeast,"Waltham, MA",42.39436,-71.265464,LED Bulbs 8pk,GM,Home,1,0,0,0,0.6111,0.3889,ok,
2026-09-17,103,551930,0.0,0.0,54.0,warehouse_3,warehouse_3,Northeast,"Waltham, MA",42.39436,-71.265464,Potato Salad Tub,Deli,Sides,1,1,1,0,,,phantom,Recount / system fix
2026-09-17,103,229070,14.0,13.0,27.0,warehouse_3,warehouse_3,Northeast,"Waltham, MA",42.39436,-71.265464,Salmon Fillet Pack,Meat,Seafood,1,0,0,0,0.5185,0.4815,ok,
2026-09-17,103,330130,18.0,3.0,21.0,warehouse_3,warehouse_3,Northeast,"Waltham, MA",42.39436,-71.265464,Shredded Cheese 2lb,Dairy,Cheese,1,0,0,0,0.8571,0.1429,ok,
2026-09-17,103,667330,4.0,19.0,23.0,warehouse_3,warehouse_3,Northeast,"Waltham, MA",42.39436,-71.265464,Toddler Snacks Box,Baby,Food,1,0,0,0,0.1739,0.8261,ok,
2026-09-17,103,441230,17.0,15.0,32.0,warehouse_3,warehouse_3,Northeast,"Waltham, MA",42.39436,-71.265464,Binder Clips Assort,Office,Supplies,1,0,0,0,0.5312,0.4688,ok,
2026-09-17,103,990130,17.0,29.0,46.0,warehouse_3,warehouse_3,Northeast,"Waltham, MA",42.39436,-71.265464,Blueberries Pint,Produce,Fruit,1,0,0,0,0.3696,0.6304,ok,
2026-09-17,103,118690,13.0,29.0,42.0,warehouse_3,warehouse_3,Northeast,"Waltham, MA",42.39436,-71.265464,Coffee Pods 100ct,Grocery,Beverages,1,0,0,0,0.3095,0.6905,ok,
2026-09-18,101,118634,3.0,3.0,6.0,warehouse_1,warehouse_1,Northeast,"Everett, MA",42.402137,-71.069774,Bottled Water 40pk,Grocery,Beverages,1,0,0,0,0.5,0.5,ok,
2026-09-18,101,184220,11.0,27.0,38.0,warehouse_1,warehouse_1,Northeast,"Everett, MA",42.402137,-71.069774,Paper Towels 12pk,Household,Paper,1,0,0,0,0.2895,0.7105,ok,
2026-09-18,101,551902,6.0,15.0,21.0,warehouse_1,warehouse_1,Northeast,"Everett, MA",42.402137,-71.069774,Rotisserie Chicken,Deli,Prepared,1,0,0,0,0.2857,0.7143,ok,
2026-09-18,101,774015,10.0,26.0,36.0,warehouse_1,warehouse_1,Northeast,"Everett, MA",42.402137,-71.069774,AA Batteries 48ct,GM,Electronics,1,0,0,0,0.2778,0.7222,ok,
2026-09-18,101,445880,13.0,13.0,26.0,warehouse_1,warehouse_1,Northeast,"Everett, MA",42.402137,-71.069774,Laundry Detergent 2pk,Household,Laundry,1,0,0,0,0.5,0.5,ok,
2026-09-18,101,229045,0.0,0.0,53.0,warehouse_1,warehouse_1,Northeast,"Everett, MA",42.402137,-71.069774,Chicken Breast Family Pack,Meat,Chicken,1,1,1,0,,,phantom,Recount / system fix
2026-09-18,101,667301,10.0,22.0,32.0,warehouse_1,warehouse_1,Northeast,"Everett, MA",42.402137,-71.069774,Diapers Size 4,Baby,Diapers,1,0,0,0,0.3125,0.6875,ok,
2026-09-18,101,330112,19.0,17.0,36.0,warehouse_1,warehouse_1,Northeast,"Everett, MA",42.402137,-71.069774,Whole Milk Gallon,Dairy,Milk,1,0,0,0,0.5278,0.4722,ok,
2026-09-18,101,330118,3.0,0.0,3.0,warehouse_1,warehouse_1,Northeast,"Everett, MA",42.402137,-71.069774,Greek Yogurt 12ct,Dairy,Yogurt,1,0,0,0,1.0,0.0,ok,
2026-09-18,101,441201,7.0,10.0,17.0,warehouse_1,warehouse_1,Northeast,"Everett, MA",42.402137,-71.069774,Copy Paper 5-Ream,Office,Paper,1,0,0,0,0.4118,0.5882,ok,
2026-09-18,101,118640,0.0,32.0,36.0,warehouse_1,warehouse_1,Northeast,"Everett, MA",42.402137,-71.069774,Sparkling Water 24pk,Grocery,Beverages,1,1,1,1,0.0,1.0,phantom+rescue,Floor pull · recount
2026-09-18,101,118655,12.0,24.0,36.0,warehouse_1,warehouse_1,Northeast,"Everett, MA",42.402137,-71.069774,Trail Mix Value Pack,Grocery,Snacks,1,0,0,0,0.3333,0.6667,ok,
2026-09-18,101,184230,14.0,4.0,18.0,warehouse_1,warehouse_1,Northeast,"Everett, MA",42.402137,-71.069774,Toilet Paper 30ct,Household,Paper,1,0,0,0,0.7778,0.2222,ok,
2026-09-18,101,184240,18.0,20.0,38.0,warehouse_1,warehouse_1,Northeast,"Everett, MA",42.402137,-71.069774,Disinfecting Wipes 3pk,Household,Cleaning,1,0,0,0,0.4737,0.5263,ok,
2026-09-18,101,551910,5.0,5.0,10.0,warehouse_1,warehouse_1,Northeast,"Everett, MA",42.402137,-71.069774,Macaroni Salad Tub,Deli,Sides,1,0,0,0,0.5,0.5,ok,
2026-09-18,101,551920,22.0,10.0,32.0,warehouse_1,warehouse_1,Northeast,"Everett, MA",42.402137,-71.069774,Turkey Club Sandwich,Deli,Prepared,1,0,0,0,0.6875,0.3125,ok,
2026-09-18,101,774020,6.0,4.0,10.0,warehouse_1,warehouse_1,Northeast,"Everett, MA",42.402137,-71.069774,HDMI Cable 2-Pack,GM,Electronics,1,0,0,0,0.6,0.4,ok,
2026-09-18,101,774030,17.0,0.0,17.0,warehouse_1,warehouse_1,Northeast,"Everett, MA",42.402137,-71.069774,Phone Charger Kit,GM,Electronics,1,0,0,0,1.0,0.0,ok,
2026-09-18,101,445890,11.0,11.0,22.0,warehouse_1,warehouse_1,Northeast,"Everett, MA",42.402137,-71.069774,Dryer Sheets 240ct,Household,Laundry,1,0,0,0,0.5,0.5,ok,
2026-09-18,101,229050,5.0,6.0,11.0,warehouse_1,warehouse_1,Northeast,"Everett, MA",42.402137,-71.069774,Chicken Breast Tray,Meat,Poultry,1,0,0,0,0.4545,0.5455,ok,
2026-09-18,101,229060,20.0,14.0,34.0,warehouse_1,warehouse_1,Northeast,"Everett, MA",42.402137,-71.069774,Atlantic Salmon 2pk,Meat,Seafood,1,0,0,0,0.5882,0.4118,ok,
2026-09-18,101,667310,8.0,21.0,29.0,warehouse_1,warehouse_1,Northeast,"Everett, MA",42.402137,-71.069774,Baby Wipes Soft Pack,Baby,Wipes,1,0,0,0,0.2759,0.7241,ok,
2026-09-18,101,667320,21.0,17.0,38.0,warehouse_1,warehouse_1,Northeast,"Everett, MA",42.402137,-71.069774,Infant Formula Can,Baby,Formula,1,0,0,0,0.5526,0.4474,ok,
2026-09-18,101,330120,18.0,27.0,45.0,warehouse_1,warehouse_1,Northeast,"Everett, MA",42.402137,-71.069774,Butter Quarters 4pk,Dairy,Butter,1,0,0,0,0.4,0.6,ok,
2026-09-18,101,441210,3.0,23.0,26.0,warehouse_1,warehouse_1,Northeast,"Everett, MA",42.402137,-71.069774,Ballpoint Pens 60ct,Office,Writing,1,0,0,0,0.1154,0.8846,ok,
2026-09-18,101,441220,4.0,16.0,20.0,warehouse_1,warehouse_1,Northeast,"Everett, MA",42.402137,-71.069774,Sticky Notes Value,Office,Supplies,1,0,0,0,0.2,0.8,ok,
2026-09-18,101,990101,16.0,3.0,19.0,warehouse_1,warehouse_1,Northeast,"Everett, MA",42.402137,-71.069774,Bananas Club Bunch,Produce,Fruit,1,0,0,0,0.8421,0.1579,ok,
2026-09-18,101,990110,6.0,7.0,13.0,warehouse_1,warehouse_1,Northeast,"Everett, MA",42.402137,-71.069774,Bag Bag 5lb,Produce,Fruit,1,0,0,0,0.4615,0.5385,ok,
2026-09-18,101,990120,8.0,10.0,18.0,warehouse_1,warehouse_1,Northeast,"Everett, MA",42.402137,-71.069774,Romaine Hearts 3pk,Produce,Veg,1,0,0,0,0.4444,0.5556,ok,
2026-09-18,101,118670,22.0,9.0,31.0,warehouse_1,warehouse_1,Northeast,"Everett, MA",42.402137,-71.069774,Pasta Sauce Twin Pack,Grocery,Pantry,1,0,0,0,0.7097,0.2903,ok,
2026-09-18,101,118680,6.0,21.0,27.0,warehouse_1,warehouse_1,Northeast,"Everett, MA",42.402137,-71.069774,Olive Oil 2L,Grocery,Pantry,1,0,0,0,0.2222,0.7778,ok,
2026-09-18,101,184250,15.0,26.0,41.0,warehouse_1,warehouse_1,Northeast,"Everett, MA",42.402137,-71.069774,Trash Bags 100ct,Household,Cleaning,1,0,0,0,0.3659,0.6341,ok,
2026-09-18,101,774040,0.0,0.0,0.0,warehouse_1,warehouse_1,Northeast,"Everett, MA",42.402137,-71.069774,LED Bulbs 8pk,GM,Home,1,1,0,0,,,true_out,Replenish / order
2026-09-18,101,551930,14.0,12.0,26.0,warehouse_1,warehouse_1,Northeast,"Everett, MA",42.402137,-71.069774,Potato Salad Tub,Deli,Sides,1,0,0,0,0.5385,0.4615,ok,
2026-09-18,101,229070,17.0,8.0,25.0,warehouse_1,warehouse_1,Northeast,"Everett, MA",42.402137,-71.069774,Salmon Fillet Pack,Meat,Seafood,1,0,0,0,0.68,0.32,ok,
2026-09-18,101,330130,3.0,17.0,20.0,warehouse_1,warehouse_1,Northeast,"Everett, MA",42.402137,-71.069774,Shredded Cheese 2lb,Dairy,Cheese,1,0,0,0,0.15,0.85,ok,
2026-09-18,101,667330,12.0,27.0,39.0,warehouse_1,warehouse_1,Northeast,"Everett, MA",42.402137,-71.069774,Toddler Snacks Box,Baby,Food,1,0,0,0,0.3077,0.6923,ok,
2026-09-18,101,441230,17.0,10.0,27.0,warehouse_1,warehouse_1,Northeast,"Everett, MA",42.402137,-71.069774,Binder Clips Assort,Office,Supplies,1,0,0,0,0.6296,0.3704,ok,
2026-09-18,101,990130,12.0,22.0,34.0,warehouse_1,warehouse_1,Northeast,"Everett, MA",42.402137,-71.069774,Blueberries Pint,Produce,Fruit,1,0,0,0,0.3529,0.6471,ok,
2026-09-18,101,118690,5.0,16.0,21.0,warehouse_1,warehouse_1,Northeast,"Everett, MA",42.402137,-71.069774,Coffee Pods 100ct,Grocery,Beverages,1,0,0,0,0.2381,0.7619,ok,
2026-09-18,102,118634,20.0,9.0,29.0,warehouse_2,warehouse_2,Northeast,"Dedham, MA",42.231627,-71.176682,Bottled Water 40pk,Grocery,Beverages,1,0,0,0,0.6897,0.3103,ok,
2026-09-18,102,184220,0.0,0.0,0.0,warehouse_2,warehouse_2,Northeast,"Dedham, MA",42.231627,-71.176682,Paper Towels 12pk,Household,Paper,1,1,0,0,,,true_out,Replenish / order
2026-09-18,102,551902,18.0,27.0,45.0,warehouse_2,warehouse_2,Northeast,"Dedham, MA",42.231627,-71.176682,Rotisserie Chicken,Deli,Prepared,1,0,0,0,0.4,0.6,ok,
2026-09-18,102,774015,11.0,6.0,17.0,warehouse_2,warehouse_2,Northeast,"Dedham, MA",42.231627,-71.176682,AA Batteries 48ct,GM,Electronics,1,0,0,0,0.6471,0.3529,ok,
2026-09-18,102,445880,8.0,4.0,12.0,warehouse_2,warehouse_2,Northeast,"Dedham, MA",42.231627,-71.176682,Laundry Detergent 2pk,Household,Laundry,1,0,0,0,0.6667,0.3333,ok,
2026-09-18,102,229045,9.0,19.0,28.0,warehouse_2,warehouse_2,Northeast,"Dedham, MA",42.231627,-71.176682,Chicken Breast Family Pack,Meat,Chicken,1,0,0,0,0.3214,0.6786,ok,
2026-09-18,102,667301,11.0,2.0,13.0,warehouse_2,warehouse_2,Northeast,"Dedham, MA",42.231627,-71.176682,Diapers Size 4,Baby,Diapers,1,0,0,0,0.8462,0.1538,ok,
2026-09-18,102,330112,8.0,22.0,30.0,warehouse_2,warehouse_2,Northeast,"Dedham, MA",42.231627,-71.176682,Whole Milk Gallon,Dairy,Milk,1,0,0,0,0.2667,0.7333,ok,
2026-09-18,102,330118,8.0,8.0,16.0,warehouse_2,warehouse_2,Northeast,"Dedham, MA",42.231627,-71.176682,Greek Yogurt 12ct,Dairy,Yogurt,1,0,0,0,0.5,0.5,ok,
2026-09-18,102,441201,13.0,28.0,41.0,warehouse_2,warehouse_2,Northeast,"Dedham, MA",42.231627,-71.176682,Copy Paper 5-Ream,Office,Paper,1,0,0,0,0.3171,0.6829,ok,
2026-09-18,102,118640,14.0,30.0,44.0,warehouse_2,warehouse_2,Northeast,"Dedham, MA",42.231627,-71.176682,Sparkling Water 24pk,Grocery,Beverages,1,0,0,0,0.3182,0.6818,ok,
2026-09-18,102,118655,5.0,20.0,25.0,warehouse_2,warehouse_2,Northeast,"Dedham, MA",42.231627,-71.176682,Trail Mix Value Pack,Grocery,Snacks,1,0,0,0,0.2,0.8,ok,
2026-09-18,102,184230,19.0,1.0,20.0,warehouse_2,warehouse_2,Northeast,"Dedham, MA",42.231627,-71.176682,Toilet Paper 30ct,Household,Paper,1,0,0,0,0.95,0.05,ok,
2026-09-18,102,184240,7.0,30.0,37.0,warehouse_2,warehouse_2,Northeast,"Dedham, MA",42.231627,-71.176682,Disinfecting Wipes 3pk,Household,Cleaning,1,0,0,0,0.1892,0.8108,ok,
2026-09-18,102,551910,20.0,30.0,50.0,warehouse_2,warehouse_2,Northeast,"Dedham, MA",42.231627,-71.176682,Macaroni Salad Tub,Deli,Sides,1,0,0,0,0.4,0.6,ok,
2026-09-18,102,551920,20.0,26.0,46.0,warehouse_2,warehouse_2,Northeast,"Dedham, MA",42.231627,-71.176682,Turkey Club Sandwich,Deli,Prepared,1,0,0,0,0.4348,0.5652,ok,
2026-09-18,102,774020,13.0,25.0,38.0,warehouse_2,warehouse_2,Northeast,"Dedham, MA",42.231627,-71.176682,HDMI Cable 2-Pack,GM,Electronics,1,0,0,0,0.3421,0.6579,ok,
2026-09-18,102,774030,10.0,1.0,11.0,warehouse_2,warehouse_2,Northeast,"Dedham, MA",42.231627,-71.176682,Phone Charger Kit,GM,Electronics,1,0,0,0,0.9091,0.0909,ok,
2026-09-18,102,445890,22.0,27.0,49.0,warehouse_2,warehouse_2,Northeast,"Dedham, MA",42.231627,-71.176682,Dryer Sheets 240ct,Household,Laundry,1,0,0,0,0.449,0.551,ok,
2026-09-18,102,229050,21.0,20.0,41.0,warehouse_2,warehouse_2,Northeast,"Dedham, MA",42.231627,-71.176682,Chicken Breast Tray,Meat,Poultry,1,0,0,0,0.5122,0.4878,ok,
2026-09-18,102,229060,0.0,20.0,57.0,warehouse_2,warehouse_2,Northeast,"Dedham, MA",42.231627,-71.176682,Atlantic Salmon 2pk,Meat,Seafood,1,1,1,1,0.0,1.0,phantom+rescue,Floor pull · recount
2026-09-18,102,667310,15.0,28.0,43.0,warehouse_2,warehouse_2,Northeast,"Dedham, MA",42.231627,-71.176682,Baby Wipes Soft Pack,Baby,Wipes,1,0,0,0,0.3488,0.6512,ok,
2026-09-18,102,667320,20.0,22.0,42.0,warehouse_2,warehouse_2,Northeast,"Dedham, MA",42.231627,-71.176682,Infant Formula Can,Baby,Formula,1,0,0,0,0.4762,0.5238,ok,
2026-09-18,102,330120,4.0,15.0,19.0,warehouse_2,warehouse_2,Northeast,"Dedham, MA",42.231627,-71.176682,Butter Quarters 4pk,Dairy,Butter,1,0,0,0,0.2105,0.7895,ok,
2026-09-18,102,441210,18.0,6.0,24.0,warehouse_2,warehouse_2,Northeast,"Dedham, MA",42.231627,-71.176682,Ballpoint Pens 60ct,Office,Writing,1,0,0,0,0.75,0.25,ok,
2026-09-18,102,441220,15.0,7.0,22.0,warehouse_2,warehouse_2,Northeast,"Dedham, MA",42.231627,-71.176682,Sticky Notes Value,Office,Supplies,1,0,0,0,0.6818,0.3182,ok,
2026-09-18,102,990101,16.0,24.0,40.0,warehouse_2,warehouse_2,Northeast,"Dedham, MA",42.231627,-71.176682,Bananas Club Bunch,Produce,Fruit,1,0,0,0,0.4,0.6,ok,
2026-09-18,102,990110,8.0,23.0,31.0,warehouse_2,warehouse_2,Northeast,"Dedham, MA",42.231627,-71.176682,Bag Bag 5lb,Produce,Fruit,1,0,0,0,0.2581,0.7419,ok,
2026-09-18,102,990120,19.0,19.0,38.0,warehouse_2,warehouse_2,Northeast,"Dedham, MA",42.231627,-71.176682,Romaine Hearts 3pk,Produce,Veg,1,0,0,0,0.5,0.5,ok,
2026-09-18,102,118670,17.0,8.0,25.0,warehouse_2,warehouse_2,Northeast,"Dedham, MA",42.231627,-71.176682,Pasta Sauce Twin Pack,Grocery,Pantry,1,0,0,0,0.68,0.32,ok,
2026-09-18,102,118680,16.0,3.0,19.0,warehouse_2,warehouse_2,Northeast,"Dedham, MA",42.231627,-71.176682,Olive Oil 2L,Grocery,Pantry,1,0,0,0,0.8421,0.1579,ok,
2026-09-18,102,184250,15.0,6.0,21.0,warehouse_2,warehouse_2,Northeast,"Dedham, MA",42.231627,-71.176682,Trash Bags 100ct,Household,Cleaning,1,0,0,0,0.7143,0.2857,ok,
2026-09-18,102,774040,13.0,10.0,23.0,warehouse_2,warehouse_2,Northeast,"Dedham, MA",42.231627,-71.176682,LED Bulbs 8pk,GM,Home,1,0,0,0,0.5652,0.4348,ok,
2026-09-18,102,551930,0.0,0.0,40.0,warehouse_2,warehouse_2,Northeast,"Dedham, MA",42.231627,-71.176682,Potato Salad Tub,Deli,Sides,1,1,1,0,,,phantom,Recount / system fix
2026-09-18,102,229070,16.0,29.0,45.0,warehouse_2,warehouse_2,Northeast,"Dedham, MA",42.231627,-71.176682,Salmon Fillet Pack,Meat,Seafood,1,0,0,0,0.3556,0.6444,ok,
2026-09-18,102,330130,15.0,19.0,34.0,warehouse_2,warehouse_2,Northeast,"Dedham, MA",42.231627,-71.176682,Shredded Cheese 2lb,Dairy,Cheese,1,0,0,0,0.4412,0.5588,ok,
2026-09-18,102,667330,14.0,8.0,22.0,warehouse_2,warehouse_2,Northeast,"Dedham, MA",42.231627,-71.176682,Toddler Snacks Box,Baby,Food,1,0,0,0,0.6364,0.3636,ok,
2026-09-18,102,441230,20.0,1.0,21.0,warehouse_2,warehouse_2,Northeast,"Dedham, MA",42.231627,-71.176682,Binder Clips Assort,Office,Supplies,1,0,0,0,0.9524,0.0476,ok,
2026-09-18,102,990130,18.0,17.0,35.0,warehouse_2,warehouse_2,Northeast,"Dedham, MA",42.231627,-71.176682,Blueberries Pint,Produce,Fruit,1,0,0,0,0.5143,0.4857,ok,
2026-09-18,102,118690,7.0,26.0,33.0,warehouse_2,warehouse_2,Northeast,"Dedham, MA",42.231627,-71.176682,Coffee Pods 100ct,Grocery,Beverages,1,0,0,0,0.2121,0.7879,ok,
2026-09-18,103,118634,4.0,9.0,13.0,warehouse_3,warehouse_3,Northeast,"Waltham, MA",42.39436,-71.265464,Bottled Water 40pk,Grocery,Beverages,1,0,0,0,0.3077,0.6923,ok,
2026-09-18,103,184220,13.0,2.0,15.0,warehouse_3,warehouse_3,Northeast,"Waltham, MA",42.39436,-71.265464,Paper Towels 12pk,Household,Paper,1,0,0,0,0.8667,0.1333,ok,
2026-09-18,103,551902,3.0,0.0,3.0,warehouse_3,warehouse_3,Northeast,"Waltham, MA",42.39436,-71.265464,Rotisserie Chicken,Deli,Prepared,1,0,0,0,1.0,0.0,ok,
2026-09-18,103,774015,6.0,18.0,24.0,warehouse_3,warehouse_3,Northeast,"Waltham, MA",42.39436,-71.265464,AA Batteries 48ct,GM,Electronics,1,0,0,0,0.25,0.75,ok,
2026-09-18,103,445880,14.0,24.0,38.0,warehouse_3,warehouse_3,Northeast,"Waltham, MA",42.39436,-71.265464,Laundry Detergent 2pk,Household,Laundry,1,0,0,0,0.3684,0.6316,ok,
2026-09-18,103,229045,9.0,29.0,38.0,warehouse_3,warehouse_3,Northeast,"Waltham, MA",42.39436,-71.265464,Chicken Breast Family Pack,Meat,Chicken,1,0,0,0,0.2368,0.7632,ok,
2026-09-18,103,667301,10.0,20.0,30.0,warehouse_3,warehouse_3,Northeast,"Waltham, MA",42.39436,-71.265464,Diapers Size 4,Baby,Diapers,1,0,0,0,0.3333,0.6667,ok,
2026-09-18,103,330112,15.0,21.0,36.0,warehouse_3,warehouse_3,Northeast,"Waltham, MA",42.39436,-71.265464,Whole Milk Gallon,Dairy,Milk,1,0,0,0,0.4167,0.5833,ok,
2026-09-18,103,330118,5.0,22.0,27.0,warehouse_3,warehouse_3,Northeast,"Waltham, MA",42.39436,-71.265464,Greek Yogurt 12ct,Dairy,Yogurt,1,0,0,0,0.1852,0.8148,ok,
2026-09-18,103,441201,19.0,2.0,21.0,warehouse_3,warehouse_3,Northeast,"Waltham, MA",42.39436,-71.265464,Copy Paper 5-Ream,Office,Paper,1,0,0,0,0.9048,0.0952,ok,
2026-09-18,103,118640,13.0,21.0,34.0,warehouse_3,warehouse_3,Northeast,"Waltham, MA",42.39436,-71.265464,Sparkling Water 24pk,Grocery,Beverages,1,0,0,0,0.3824,0.6176,ok,
2026-09-18,103,118655,0.0,16.0,45.0,warehouse_3,warehouse_3,Northeast,"Waltham, MA",42.39436,-71.265464,Trail Mix Value Pack,Grocery,Snacks,1,1,1,1,0.0,1.0,phantom+rescue,Floor pull · recount
2026-09-18,103,184230,11.0,1.0,12.0,warehouse_3,warehouse_3,Northeast,"Waltham, MA",42.39436,-71.265464,Toilet Paper 30ct,Household,Paper,1,0,0,0,0.9167,0.0833,ok,
2026-09-18,103,184240,18.0,2.0,20.0,warehouse_3,warehouse_3,Northeast,"Waltham, MA",42.39436,-71.265464,Disinfecting Wipes 3pk,Household,Cleaning,1,0,0,0,0.9,0.1,ok,
2026-09-18,103,551910,8.0,10.0,18.0,warehouse_3,warehouse_3,Northeast,"Waltham, MA",42.39436,-71.265464,Macaroni Salad Tub,Deli,Sides,1,0,0,0,0.4444,0.5556,ok,
2026-09-18,103,551920,8.0,6.0,14.0,warehouse_3,warehouse_3,Northeast,"Waltham, MA",42.39436,-71.265464,Turkey Club Sandwich,Deli,Prepared,1,0,0,0,0.5714,0.4286,ok,
2026-09-18,103,774020,14.0,27.0,41.0,warehouse_3,warehouse_3,Northeast,"Waltham, MA",42.39436,-71.265464,HDMI Cable 2-Pack,GM,Electronics,1,0,0,0,0.3415,0.6585,ok,
2026-09-18,103,774030,9.0,12.0,21.0,warehouse_3,warehouse_3,Northeast,"Waltham, MA",42.39436,-71.265464,Phone Charger Kit,GM,Electronics,1,0,0,0,0.4286,0.5714,ok,
2026-09-18,103,445890,8.0,23.0,31.0,warehouse_3,warehouse_3,Northeast,"Waltham, MA",42.39436,-71.265464,Dryer Sheets 240ct,Household,Laundry,1,0,0,0,0.2581,0.7419,ok,
2026-09-18,103,229050,20.0,9.0,29.0,warehouse_3,warehouse_3,Northeast,"Waltham, MA",42.39436,-71.265464,Chicken Breast Tray,Meat,Poultry,1,0,0,0,0.6897,0.3103,ok,
2026-09-18,103,229060,11.0,29.0,40.0,warehouse_3,warehouse_3,Northeast,"Waltham, MA",42.39436,-71.265464,Atlantic Salmon 2pk,Meat,Seafood,1,0,0,0,0.275,0.725,ok,
2026-09-18,103,667310,9.0,9.0,18.0,warehouse_3,warehouse_3,Northeast,"Waltham, MA",42.39436,-71.265464,Baby Wipes Soft Pack,Baby,Wipes,1,0,0,0,0.5,0.5,ok,
2026-09-18,103,667320,0.0,0.0,0.0,warehouse_3,warehouse_3,Northeast,"Waltham, MA",42.39436,-71.265464,Infant Formula Can,Baby,Formula,1,1,0,0,,,true_out,Replenish / order
2026-09-18,103,330120,21.0,3.0,24.0,warehouse_3,warehouse_3,Northeast,"Waltham, MA",42.39436,-71.265464,Butter Quarters 4pk,Dairy,Butter,1,0,0,0,0.875,0.125,ok,
2026-09-18,103,441210,22.0,8.0,30.0,warehouse_3,warehouse_3,Northeast,"Waltham, MA",42.39436,-71.265464,Ballpoint Pens 60ct,Office,Writing,1,0,0,0,0.7333,0.2667,ok,
2026-09-18,103,441220,12.0,8.0,20.0,warehouse_3,warehouse_3,Northeast,"Waltham, MA",42.39436,-71.265464,Sticky Notes Value,Office,Supplies,1,0,0,0,0.6,0.4,ok,
2026-09-18,103,990101,10.0,30.0,40.0,warehouse_3,warehouse_3,Northeast,"Waltham, MA",42.39436,-71.265464,Bananas Club Bunch,Produce,Fruit,1,0,0,0,0.25,0.75,ok,
2026-09-18,103,990110,11.0,25.0,36.0,warehouse_3,warehouse_3,Northeast,"Waltham, MA",42.39436,-71.265464,Bag Bag 5lb,Produce,Fruit,1,0,0,0,0.3056,0.6944,ok,
2026-09-18,103,990120,16.0,16.0,32.0,warehouse_3,warehouse_3,Northeast,"Waltham, MA",42.39436,-71.265464,Romaine Hearts 3pk,Produce,Veg,1,0,0,0,0.5,0.5,ok,
2026-09-18,103,118670,6.0,21.0,27.0,warehouse_3,warehouse_3,Northeast,"Waltham, MA",42.39436,-71.265464,Pasta Sauce Twin Pack,Grocery,Pantry,1,0,0,0,0.2222,0.7778,ok,
2026-09-18,103,118680,10.0,3.0,13.0,warehouse_3,warehouse_3,Northeast,"Waltham, MA",42.39436,-71.265464,Olive Oil 2L,Grocery,Pantry,1,0,0,0,0.7692,0.2308,ok,
2026-09-18,103,184250,9.0,25.0,34.0,warehouse_3,warehouse_3,Northeast,"Waltham, MA",42.39436,-71.265464,Trash Bags 100ct,Household,Cleaning,1,0,0,0,0.2647,0.7353,ok,
2026-09-18,103,774040,16.0,27.0,43.0,warehouse_3,warehouse_3,Northeast,"Waltham, MA",42.39436,-71.265464,LED Bulbs 8pk,GM,Home,1,0,0,0,0.3721,0.6279,ok,
2026-09-18,103,551930,14.0,5.0,19.0,warehouse_3,warehouse_3,Northeast,"Waltham, MA",42.39436,-71.265464,Potato Salad Tub,Deli,Sides,1,0,0,0,0.7368,0.2632,ok,
2026-09-18,103,229070,8.0,19.0,27.0,warehouse_3,warehouse_3,Northeast,"Waltham, MA",42.39436,-71.265464,Salmon Fillet Pack,Meat,Seafood,1,0,0,0,0.2963,0.7037,ok,
2026-09-18,103,330130,0.0,32.0,41.0,warehouse_3,warehouse_3,Northeast,"Waltham, MA",42.39436,-71.265464,Shredded Cheese 2lb,Dairy,Cheese,1,1,1,1,0.0,1.0,phantom+rescue,Floor pull · recount
2026-09-18,103,667330,0.0,11.0,25.0,warehouse_3,warehouse_3,Northeast,"Waltham, MA",42.39436,-71.265464,Toddler Snacks Box,Baby,Food,1,1,1,1,0.0,1.0,phantom+rescue,Floor pull · recount
2026-09-18,103,441230,0.0,0.0,19.0,warehouse_3,warehouse_3,Northeast,"Waltham, MA",42.39436,-71.265464,Binder Clips Assort,Office,Supplies,1,1,1,0,,,phantom,Recount / system fix
2026-09-18,103,990130,6.0,11.0,17.0,warehouse_3,warehouse_3,Northeast,"Waltham, MA",42.39436,-71.265464,Blueberries Pint,Produce,Fruit,1,0,0,0,0.3529,0.6471,ok,
2026-09-18,103,118690,11.0,1.0,12.0,warehouse_3,warehouse_3,Northeast,"Waltham, MA",42.39436,-71.265464,Coffee Pods 100ct,Grocery,Beverages,1,0,0,0,0.9167,0.0833,ok,
2026-09-19,101,118634,4.0,29.0,33.0,warehouse_1,warehouse_1,Northeast,"Everett, MA",42.402137,-71.069774,Bottled Water 40pk,Grocery,Beverages,1,0,0,0,0.1212,0.8788,ok,
2026-09-19,101,184220,5.0,21.0,26.0,warehouse_1,warehouse_1,Northeast,"Everett, MA",42.402137,-71.069774,Paper Towels 12pk,Household,Paper,1,0,0,0,0.1923,0.8077,ok,
2026-09-19,101,551902,6.0,3.0,9.0,warehouse_1,warehouse_1,Northeast,"Everett, MA",42.402137,-71.069774,Rotisserie Chicken,Deli,Prepared,1,0,0,0,0.6667,0.3333,ok,
2026-09-19,101,774015,16.0,29.0,45.0,warehouse_1,warehouse_1,Northeast,"Everett, MA",42.402137,-71.069774,AA Batteries 48ct,GM,Electronics,1,0,0,0,0.3556,0.6444,ok,
2026-09-19,101,445880,7.0,29.0,36.0,warehouse_1,warehouse_1,Northeast,"Everett, MA",42.402137,-71.069774,Laundry Detergent 2pk,Household,Laundry,1,0,0,0,0.1944,0.8056,ok,
2026-09-19,101,229045,14.0,6.0,20.0,warehouse_1,warehouse_1,Northeast,"Everett, MA",42.402137,-71.069774,Chicken Breast Family Pack,Meat,Chicken,1,0,0,0,0.7,0.3,ok,
2026-09-19,101,667301,8.0,17.0,25.0,warehouse_1,warehouse_1,Northeast,"Everett, MA",42.402137,-71.069774,Diapers Size 4,Baby,Diapers,1,0,0,0,0.32,0.68,ok,
2026-09-19,101,330112,3.0,6.0,9.0,warehouse_1,warehouse_1,Northeast,"Everett, MA",42.402137,-71.069774,Whole Milk Gallon,Dairy,Milk,1,0,0,0,0.3333,0.6667,ok,
2026-09-19,101,330118,12.0,1.0,13.0,warehouse_1,warehouse_1,Northeast,"Everett, MA",42.402137,-71.069774,Greek Yogurt 12ct,Dairy,Yogurt,1,0,0,0,0.9231,0.0769,ok,
2026-09-19,101,441201,17.0,5.0,22.0,warehouse_1,warehouse_1,Northeast,"Everett, MA",42.402137,-71.069774,Copy Paper 5-Ream,Office,Paper,1,0,0,0,0.7727,0.2273,ok,
2026-09-19,101,118640,21.0,17.0,38.0,warehouse_1,warehouse_1,Northeast,"Everett, MA",42.402137,-71.069774,Sparkling Water 24pk,Grocery,Beverages,1,0,0,0,0.5526,0.4474,ok,
2026-09-19,101,118655,8.0,24.0,32.0,warehouse_1,warehouse_1,Northeast,"Everett, MA",42.402137,-71.069774,Trail Mix Value Pack,Grocery,Snacks,1,0,0,0,0.25,0.75,ok,
2026-09-19,101,184230,14.0,22.0,36.0,warehouse_1,warehouse_1,Northeast,"Everett, MA",42.402137,-71.069774,Toilet Paper 30ct,Household,Paper,1,0,0,0,0.3889,0.6111,ok,
2026-09-19,101,184240,0.0,0.0,0.0,warehouse_1,warehouse_1,Northeast,"Everett, MA",42.402137,-71.069774,Disinfecting Wipes 3pk,Household,Cleaning,1,1,0,0,,,true_out,Replenish / order
2026-09-19,101,551910,7.0,27.0,34.0,warehouse_1,warehouse_1,Northeast,"Everett, MA",42.402137,-71.069774,Macaroni Salad Tub,Deli,Sides,1,0,0,0,0.2059,0.7941,ok,
2026-09-19,101,551920,0.0,0.0,0.0,warehouse_1,warehouse_1,Northeast,"Everett, MA",42.402137,-71.069774,Turkey Club Sandwich,Deli,Prepared,1,1,0,0,,,true_out,Replenish / order
2026-09-19,101,774020,0.0,0.0,0.0,warehouse_1,warehouse_1,Northeast,"Everett, MA",42.402137,-71.069774,HDMI Cable 2-Pack,GM,Electronics,1,1,0,0,,,true_out,Replenish / order
2026-09-19,101,774030,3.0,30.0,33.0,warehouse_1,warehouse_1,Northeast,"Everett, MA",42.402137,-71.069774,Phone Charger Kit,GM,Electronics,1,0,0,0,0.0909,0.9091,ok,
2026-09-19,101,445890,11.0,24.0,35.0,warehouse_1,warehouse_1,Northeast,"Everett, MA",42.402137,-71.069774,Dryer Sheets 240ct,Household,Laundry,1,0,0,0,0.3143,0.6857,ok,
2026-09-19,101,229050,3.0,17.0,20.0,warehouse_1,warehouse_1,Northeast,"Everett, MA",42.402137,-71.069774,Chicken Breast Tray,Meat,Poultry,1,0,0,0,0.15,0.85,ok,
2026-09-19,101,229060,20.0,21.0,41.0,warehouse_1,warehouse_1,Northeast,"Everett, MA",42.402137,-71.069774,Atlantic Salmon 2pk,Meat,Seafood,1,0,0,0,0.4878,0.5122,ok,
2026-09-19,101,667310,18.0,29.0,47.0,warehouse_1,warehouse_1,Northeast,"Everett, MA",42.402137,-71.069774,Baby Wipes Soft Pack,Baby,Wipes,1,0,0,0,0.383,0.617,ok,
2026-09-19,101,667320,19.0,0.0,19.0,warehouse_1,warehouse_1,Northeast,"Everett, MA",42.402137,-71.069774,Infant Formula Can,Baby,Formula,1,0,0,0,1.0,0.0,ok,
2026-09-19,101,330120,4.0,29.0,33.0,warehouse_1,warehouse_1,Northeast,"Everett, MA",42.402137,-71.069774,Butter Quarters 4pk,Dairy,Butter,1,0,0,0,0.1212,0.8788,ok,
2026-09-19,101,441210,6.0,28.0,34.0,warehouse_1,warehouse_1,Northeast,"Everett, MA",42.402137,-71.069774,Ballpoint Pens 60ct,Office,Writing,1,0,0,0,0.1765,0.8235,ok,
2026-09-19,101,441220,11.0,15.0,26.0,warehouse_1,warehouse_1,Northeast,"Everett, MA",42.402137,-71.069774,Sticky Notes Value,Office,Supplies,1,0,0,0,0.4231,0.5769,ok,
2026-09-19,101,990101,12.0,5.0,17.0,warehouse_1,warehouse_1,Northeast,"Everett, MA",42.402137,-71.069774,Bananas Club Bunch,Produce,Fruit,1,0,0,0,0.7059,0.2941,ok,
2026-09-19,101,990110,13.0,25.0,38.0,warehouse_1,warehouse_1,Northeast,"Everett, MA",42.402137,-71.069774,Bag Bag 5lb,Produce,Fruit,1,0,0,0,0.3421,0.6579,ok,
2026-09-19,101,990120,18.0,20.0,38.0,warehouse_1,warehouse_1,Northeast,"Everett, MA",42.402137,-71.069774,Romaine Hearts 3pk,Produce,Veg,1,0,0,0,0.4737,0.5263,ok,
2026-09-19,101,118670,0.0,0.0,51.0,warehouse_1,warehouse_1,Northeast,"Everett, MA",42.402137,-71.069774,Pasta Sauce Twin Pack,Grocery,Pantry,1,1,1,0,,,phantom,Recount / system fix
2026-09-19,101,118680,13.0,21.0,34.0,warehouse_1,warehouse_1,Northeast,"Everett, MA",42.402137,-71.069774,Olive Oil 2L,Grocery,Pantry,1,0,0,0,0.3824,0.6176,ok,
2026-09-19,101,184250,9.0,3.0,12.0,warehouse_1,warehouse_1,Northeast,"Everett, MA",42.402137,-71.069774,Trash Bags 100ct,Household,Cleaning,1,0,0,0,0.75,0.25,ok,
2026-09-19,101,774040,5.0,11.0,16.0,warehouse_1,warehouse_1,Northeast,"Everett, MA",42.402137,-71.069774,LED Bulbs 8pk,GM,Home,1,0,0,0,0.3125,0.6875,ok,
2026-09-19,101,551930,8.0,16.0,24.0,warehouse_1,warehouse_1,Northeast,"Everett, MA",42.402137,-71.069774,Potato Salad Tub,Deli,Sides,1,0,0,0,0.3333,0.6667,ok,
2026-09-19,101,229070,3.0,17.0,20.0,warehouse_1,warehouse_1,Northeast,"Everett, MA",42.402137,-71.069774,Salmon Fillet Pack,Meat,Seafood,1,0,0,0,0.15,0.85,ok,
2026-09-19,101,330130,21.0,1.0,22.0,warehouse_1,warehouse_1,Northeast,"Everett, MA",42.402137,-71.069774,Shredded Cheese 2lb,Dairy,Cheese,1,0,0,0,0.9545,0.0455,ok,
2026-09-19,101,667330,12.0,17.0,29.0,warehouse_1,warehouse_1,Northeast,"Everett, MA",42.402137,-71.069774,Toddler Snacks Box,Baby,Food,1,0,0,0,0.4138,0.5862,ok,
2026-09-19,101,441230,0.0,0.0,0.0,warehouse_1,warehouse_1,Northeast,"Everett, MA",42.402137,-71.069774,Binder Clips Assort,Office,Supplies,1,1,0,0,,,true_out,Replenish / order
2026-09-19,101,990130,22.0,15.0,37.0,warehouse_1,warehouse_1,Northeast,"Everett, MA",42.402137,-71.069774,Blueberries Pint,Produce,Fruit,1,0,0,0,0.5946,0.4054,ok,
2026-09-19,101,118690,4.0,3.0,7.0,warehouse_1,warehouse_1,Northeast,"Everett, MA",42.402137,-71.069774,Coffee Pods 100ct,Grocery,Beverages,1,0,0,0,0.5714,0.4286,ok,
2026-09-19,102,118634,0.0,10.0,43.0,warehouse_2,warehouse_2,Northeast,"Dedham, MA",42.231627,-71.176682,Bottled Water 40pk,Grocery,Beverages,1,1,1,1,0.0,1.0,phantom+rescue,Floor pull · recount
2026-09-19,102,184220,21.0,19.0,40.0,warehouse_2,warehouse_2,Northeast,"Dedham, MA",42.231627,-71.176682,Paper Towels 12pk,Household,Paper,1,0,0,0,0.525,0.475,ok,
2026-09-19,102,551902,0.0,0.0,27.0,warehouse_2,warehouse_2,Northeast,"Dedham, MA",42.231627,-71.176682,Rotisserie Chicken,Deli,Prepared,1,1,1,0,,,phantom,Recount / system fix
2026-09-19,102,774015,13.0,6.0,19.0,warehouse_2,warehouse_2,Northeast,"Dedham, MA",42.231627,-71.176682,AA Batteries 48ct,GM,Electronics,1,0,0,0,0.6842,0.3158,ok,
2026-09-19,102,445880,11.0,1.0,12.0,warehouse_2,warehouse_2,Northeast,"Dedham, MA",42.231627,-71.176682,Laundry Detergent 2pk,Household,Laundry,1,0,0,0,0.9167,0.0833,ok,
2026-09-19,102,229045,8.0,21.0,29.0,warehouse_2,warehouse_2,Northeast,"Dedham, MA",42.231627,-71.176682,Chicken Breast Family Pack,Meat,Chicken,1,0,0,0,0.2759,0.7241,ok,
2026-09-19,102,667301,19.0,13.0,32.0,warehouse_2,warehouse_2,Northeast,"Dedham, MA",42.231627,-71.176682,Diapers Size 4,Baby,Diapers,1,0,0,0,0.5938,0.4062,ok,
2026-09-19,102,330112,20.0,25.0,45.0,warehouse_2,warehouse_2,Northeast,"Dedham, MA",42.231627,-71.176682,Whole Milk Gallon,Dairy,Milk,1,0,0,0,0.4444,0.5556,ok,
2026-09-19,102,330118,17.0,9.0,26.0,warehouse_2,warehouse_2,Northeast,"Dedham, MA",42.231627,-71.176682,Greek Yogurt 12ct,Dairy,Yogurt,1,0,0,0,0.6538,0.3462,ok,
2026-09-19,102,441201,22.0,6.0,28.0,warehouse_2,warehouse_2,Northeast,"Dedham, MA",42.231627,-71.176682,Copy Paper 5-Ream,Office,Paper,1,0,0,0,0.7857,0.2143,ok,
2026-09-19,102,118640,22.0,18.0,40.0,warehouse_2,warehouse_2,Northeast,"Dedham, MA",42.231627,-71.176682,Sparkling Water 24pk,Grocery,Beverages,1,0,0,0,0.55,0.45,ok,
2026-09-19,102,118655,4.0,30.0,34.0,warehouse_2,warehouse_2,Northeast,"Dedham, MA",42.231627,-71.176682,Trail Mix Value Pack,Grocery,Snacks,1,0,0,0,0.1176,0.8824,ok,
2026-09-19,102,184230,10.0,3.0,13.0,warehouse_2,warehouse_2,Northeast,"Dedham, MA",42.231627,-71.176682,Toilet Paper 30ct,Household,Paper,1,0,0,0,0.7692,0.2308,ok,
2026-09-19,102,184240,0.0,34.0,46.0,warehouse_2,warehouse_2,Northeast,"Dedham, MA",42.231627,-71.176682,Disinfecting Wipes 3pk,Household,Cleaning,1,1,1,1,0.0,1.0,phantom+rescue,Floor pull · recount
2026-09-19,102,551910,3.0,21.0,24.0,warehouse_2,warehouse_2,Northeast,"Dedham, MA",42.231627,-71.176682,Macaroni Salad Tub,Deli,Sides,1,0,0,0,0.125,0.875,ok,
2026-09-19,102,551920,13.0,23.0,36.0,warehouse_2,warehouse_2,Northeast,"Dedham, MA",42.231627,-71.176682,Turkey Club Sandwich,Deli,Prepared,1,0,0,0,0.3611,0.6389,ok,
2026-09-19,102,774020,11.0,9.0,20.0,warehouse_2,warehouse_2,Northeast,"Dedham, MA",42.231627,-71.176682,HDMI Cable 2-Pack,GM,Electronics,1,0,0,0,0.55,0.45,ok,
2026-09-19,102,774030,6.0,20.0,26.0,warehouse_2,warehouse_2,Northeast,"Dedham, MA",42.231627,-71.176682,Phone Charger Kit,GM,Electronics,1,0,0,0,0.2308,0.7692,ok,
2026-09-19,102,445890,17.0,2.0,19.0,warehouse_2,warehouse_2,Northeast,"Dedham, MA",42.231627,-71.176682,Dryer Sheets 240ct,Household,Laundry,1,0,0,0,0.8947,0.1053,ok,
2026-09-19,102,229050,16.0,11.0,27.0,warehouse_2,warehouse_2,Northeast,"Dedham, MA",42.231627,-71.176682,Chicken Breast Tray,Meat,Poultry,1,0,0,0,0.5926,0.4074,ok,
2026-09-19,102,229060,21.0,20.0,41.0,warehouse_2,warehouse_2,Northeast,"Dedham, MA",42.231627,-71.176682,Atlantic Salmon 2pk,Meat,Seafood,1,0,0,0,0.5122,0.4878,ok,
2026-09-19,102,667310,16.0,9.0,25.0,warehouse_2,warehouse_2,Northeast,"Dedham, MA",42.231627,-71.176682,Baby Wipes Soft Pack,Baby,Wipes,1,0,0,0,0.64,0.36,ok,
2026-09-19,102,667320,21.0,14.0,35.0,warehouse_2,warehouse_2,Northeast,"Dedham, MA",42.231627,-71.176682,Infant Formula Can,Baby,Formula,1,0,0,0,0.6,0.4,ok,
2026-09-19,102,330120,0.0,0.0,0.0,warehouse_2,warehouse_2,Northeast,"Dedham, MA",42.231627,-71.176682,Butter Quarters 4pk,Dairy,Butter,1,1,0,0,,,true_out,Replenish / order
2026-09-19,102,441210,15.0,25.0,40.0,warehouse_2,warehouse_2,Northeast,"Dedham, MA",42.231627,-71.176682,Ballpoint Pens 60ct,Office,Writing,1,0,0,0,0.375,0.625,ok,
2026-09-19,102,441220,12.0,14.0,26.0,warehouse_2,warehouse_2,Northeast,"Dedham, MA",42.231627,-71.176682,Sticky Notes Value,Office,Supplies,1,0,0,0,0.4615,0.5385,ok,
2026-09-19,102,990101,16.0,3.0,19.0,warehouse_2,warehouse_2,Northeast,"Dedham, MA",42.231627,-71.176682,Bananas Club Bunch,Produce,Fruit,1,0,0,0,0.8421,0.1579,ok,
2026-09-19,102,990110,11.0,13.0,24.0,warehouse_2,warehouse_2,Northeast,"Dedham, MA",42.231627,-71.176682,Bag Bag 5lb,Produce,Fruit,1,0,0,0,0.4583,0.5417,ok,
2026-09-19,102,990120,16.0,1.0,17.0,warehouse_2,warehouse_2,Northeast,"Dedham, MA",42.231627,-71.176682,Romaine Hearts 3pk,Produce,Veg,1,0,0,0,0.9412,0.0588,ok,
2026-09-19,102,118670,9.0,11.0,20.0,warehouse_2,warehouse_2,Northeast,"Dedham, MA",42.231627,-71.176682,Pasta Sauce Twin Pack,Grocery,Pantry,1,0,0,0,0.45,0.55,ok,
2026-09-19,102,118680,6.0,9.0,15.0,warehouse_2,warehouse_2,Northeast,"Dedham, MA",42.231627,-71.176682,Olive Oil 2L,Grocery,Pantry,1,0,0,0,0.4,0.6,ok,
2026-09-19,102,184250,18.0,16.0,34.0,warehouse_2,warehouse_2,Northeast,"Dedham, MA",42.231627,-71.176682,Trash Bags 100ct,Household,Cleaning,1,0,0,0,0.5294,0.4706,ok,
2026-09-19,102,774040,5.0,3.0,8.0,warehouse_2,warehouse_2,Northeast,"Dedham, MA",42.231627,-71.176682,LED Bulbs 8pk,GM,Home,1,0,0,0,0.625,0.375,ok,
2026-09-19,102,551930,0.0,0.0,10.0,warehouse_2,warehouse_2,Northeast,"Dedham, MA",42.231627,-71.176682,Potato Salad Tub,Deli,Sides,1,1,1,0,,,phantom,Recount / system fix
2026-09-19,102,229070,0.0,26.0,41.0,warehouse_2,warehouse_2,Northeast,"Dedham, MA",42.231627,-71.176682,Salmon Fillet Pack,Meat,Seafood,1,1,1,1,0.0,1.0,phantom+rescue,Floor pull · recount
2026-09-19,102,330130,9.0,22.0,31.0,warehouse_2,warehouse_2,Northeast,"Dedham, MA",42.231627,-71.176682,Shredded Cheese 2lb,Dairy,Cheese,1,0,0,0,0.2903,0.7097,ok,
2026-09-19,102,667330,15.0,10.0,25.0,warehouse_2,warehouse_2,Northeast,"Dedham, MA",42.231627,-71.176682,Toddler Snacks Box,Baby,Food,1,0,0,0,0.6,0.4,ok,
2026-09-19,102,441230,12.0,21.0,33.0,warehouse_2,warehouse_2,Northeast,"Dedham, MA",42.231627,-71.176682,Binder Clips Assort,Office,Supplies,1,0,0,0,0.3636,0.6364,ok,
2026-09-19,102,990130,5.0,20.0,25.0,warehouse_2,warehouse_2,Northeast,"Dedham, MA",42.231627,-71.176682,Blueberries Pint,Produce,Fruit,1,0,0,0,0.2,0.8,ok,
2026-09-19,102,118690,14.0,10.0,24.0,warehouse_2,warehouse_2,Northeast,"Dedham, MA",42.231627,-71.176682,Coffee Pods 100ct,Grocery,Beverages,1,0,0,0,0.5833,0.4167,ok,
2026-09-19,103,118634,8.0,14.0,22.0,warehouse_3,warehouse_3,Northeast,"Waltham, MA",42.39436,-71.265464,Bottled Water 40pk,Grocery,Beverages,1,0,0,0,0.3636,0.6364,ok,
2026-09-19,103,184220,0.0,0.0,46.0,warehouse_3,warehouse_3,Northeast,"Waltham, MA",42.39436,-71.265464,Paper Towels 12pk,Household,Paper,1,1,1,0,,,phantom,Recount / system fix
2026-09-19,103,551902,13.0,14.0,27.0,warehouse_3,warehouse_3,Northeast,"Waltham, MA",42.39436,-71.265464,Rotisserie Chicken,Deli,Prepared,1,0,0,0,0.4815,0.5185,ok,
2026-09-19,103,774015,19.0,23.0,42.0,warehouse_3,warehouse_3,Northeast,"Waltham, MA",42.39436,-71.265464,AA Batteries 48ct,GM,Electronics,1,0,0,0,0.4524,0.5476,ok,
2026-09-19,103,445880,3.0,15.0,18.0,warehouse_3,warehouse_3,Northeast,"Waltham, MA",42.39436,-71.265464,Laundry Detergent 2pk,Household,Laundry,1,0,0,0,0.1667,0.8333,ok,
2026-09-19,103,229045,10.0,22.0,32.0,warehouse_3,warehouse_3,Northeast,"Waltham, MA",42.39436,-71.265464,Chicken Breast Family Pack,Meat,Chicken,1,0,0,0,0.3125,0.6875,ok,
2026-09-19,103,667301,15.0,25.0,40.0,warehouse_3,warehouse_3,Northeast,"Waltham, MA",42.39436,-71.265464,Diapers Size 4,Baby,Diapers,1,0,0,0,0.375,0.625,ok,
2026-09-19,103,330112,17.0,17.0,34.0,warehouse_3,warehouse_3,Northeast,"Waltham, MA",42.39436,-71.265464,Whole Milk Gallon,Dairy,Milk,1,0,0,0,0.5,0.5,ok,
2026-09-19,103,330118,3.0,27.0,30.0,warehouse_3,warehouse_3,Northeast,"Waltham, MA",42.39436,-71.265464,Greek Yogurt 12ct,Dairy,Yogurt,1,0,0,0,0.1,0.9,ok,
2026-09-19,103,441201,16.0,10.0,26.0,warehouse_3,warehouse_3,Northeast,"Waltham, MA",42.39436,-71.265464,Copy Paper 5-Ream,Office,Paper,1,0,0,0,0.6154,0.3846,ok,
2026-09-19,103,118640,10.0,20.0,30.0,warehouse_3,warehouse_3,Northeast,"Waltham, MA",42.39436,-71.265464,Sparkling Water 24pk,Grocery,Beverages,1,0,0,0,0.3333,0.6667,ok,
2026-09-19,103,118655,8.0,14.0,22.0,warehouse_3,warehouse_3,Northeast,"Waltham, MA",42.39436,-71.265464,Trail Mix Value Pack,Grocery,Snacks,1,0,0,0,0.3636,0.6364,ok,
2026-09-19,103,184230,5.0,19.0,24.0,warehouse_3,warehouse_3,Northeast,"Waltham, MA",42.39436,-71.265464,Toilet Paper 30ct,Household,Paper,1,0,0,0,0.2083,0.7917,ok,
2026-09-19,103,184240,14.0,2.0,16.0,warehouse_3,warehouse_3,Northeast,"Waltham, MA",42.39436,-71.265464,Disinfecting Wipes 3pk,Household,Cleaning,1,0,0,0,0.875,0.125,ok,
2026-09-19,103,551910,18.0,4.0,22.0,warehouse_3,warehouse_3,Northeast,"Waltham, MA",42.39436,-71.265464,Macaroni Salad Tub,Deli,Sides,1,0,0,0,0.8182,0.1818,ok,
2026-09-19,103,551920,15.0,23.0,38.0,warehouse_3,warehouse_3,Northeast,"Waltham, MA",42.39436,-71.265464,Turkey Club Sandwich,Deli,Prepared,1,0,0,0,0.3947,0.6053,ok,
2026-09-19,103,774020,15.0,15.0,30.0,warehouse_3,warehouse_3,Northeast,"Waltham, MA",42.39436,-71.265464,HDMI Cable 2-Pack,GM,Electronics,1,0,0,0,0.5,0.5,ok,
2026-09-19,103,774030,9.0,21.0,30.0,warehouse_3,warehouse_3,Northeast,"Waltham, MA",42.39436,-71.265464,Phone Charger Kit,GM,Electronics,1,0,0,0,0.3,0.7,ok,
2026-09-19,103,445890,18.0,14.0,32.0,warehouse_3,warehouse_3,Northeast,"Waltham, MA",42.39436,-71.265464,Dryer Sheets 240ct,Household,Laundry,1,0,0,0,0.5625,0.4375,ok,
2026-09-19,103,229050,15.0,10.0,25.0,warehouse_3,warehouse_3,Northeast,"Waltham, MA",42.39436,-71.265464,Chicken Breast Tray,Meat,Poultry,1,0,0,0,0.6,0.4,ok,
2026-09-19,103,229060,7.0,5.0,12.0,warehouse_3,warehouse_3,Northeast,"Waltham, MA",42.39436,-71.265464,Atlantic Salmon 2pk,Meat,Seafood,1,0,0,0,0.5833,0.4167,ok,
2026-09-19,103,667310,3.0,0.0,3.0,warehouse_3,warehouse_3,Northeast,"Waltham, MA",42.39436,-71.265464,Baby Wipes Soft Pack,Baby,Wipes,1,0,0,0,1.0,0.0,ok,
2026-09-19,103,667320,7.0,1.0,8.0,warehouse_3,warehouse_3,Northeast,"Waltham, MA",42.39436,-71.265464,Infant Formula Can,Baby,Formula,1,0,0,0,0.875,0.125,ok,
2026-09-19,103,330120,5.0,4.0,9.0,warehouse_3,warehouse_3,Northeast,"Waltham, MA",42.39436,-71.265464,Butter Quarters 4pk,Dairy,Butter,1,0,0,0,0.5556,0.4444,ok,
2026-09-19,103,441210,20.0,2.0,22.0,warehouse_3,warehouse_3,Northeast,"Waltham, MA",42.39436,-71.265464,Ballpoint Pens 60ct,Office,Writing,1,0,0,0,0.9091,0.0909,ok,
2026-09-19,103,441220,8.0,24.0,32.0,warehouse_3,warehouse_3,Northeast,"Waltham, MA",42.39436,-71.265464,Sticky Notes Value,Office,Supplies,1,0,0,0,0.25,0.75,ok,
2026-09-19,103,990101,14.0,15.0,29.0,warehouse_3,warehouse_3,Northeast,"Waltham, MA",42.39436,-71.265464,Bananas Club Bunch,Produce,Fruit,1,0,0,0,0.4828,0.5172,ok,
2026-09-19,103,990110,8.0,14.0,22.0,warehouse_3,warehouse_3,Northeast,"Waltham, MA",42.39436,-71.265464,Bag Bag 5lb,Produce,Fruit,1,0,0,0,0.3636,0.6364,ok,
2026-09-19,103,990120,19.0,27.0,46.0,warehouse_3,warehouse_3,Northeast,"Waltham, MA",42.39436,-71.265464,Romaine Hearts 3pk,Produce,Veg,1,0,0,0,0.413,0.587,ok,
2026-09-19,103,118670,21.0,6.0,27.0,warehouse_3,warehouse_3,Northeast,"Waltham, MA",42.39436,-71.265464,Pasta Sauce Twin Pack,Grocery,Pantry,1,0,0,0,0.7778,0.2222,ok,
2026-09-19,103,118680,21.0,15.0,36.0,warehouse_3,warehouse_3,Northeast,"Waltham, MA",42.39436,-71.265464,Olive Oil 2L,Grocery,Pantry,1,0,0,0,0.5833,0.4167,ok,
2026-09-19,103,184250,3.0,26.0,29.0,warehouse_3,warehouse_3,Northeast,"Waltham, MA",42.39436,-71.265464,Trash Bags 100ct,Household,Cleaning,1,0,0,0,0.1034,0.8966,ok,
2026-09-19,103,774040,3.0,4.0,7.0,warehouse_3,warehouse_3,Northeast,"Waltham, MA",42.39436,-71.265464,LED Bulbs 8pk,GM,Home,1,0,0,0,0.4286,0.5714,ok,
2026-09-19,103,551930,22.0,3.0,25.0,warehouse_3,warehouse_3,Northeast,"Waltham, MA",42.39436,-71.265464,Potato Salad Tub,Deli,Sides,1,0,0,0,0.88,0.12,ok,
2026-09-19,103,229070,9.0,15.0,24.0,warehouse_3,warehouse_3,Northeast,"Waltham, MA",42.39436,-71.265464,Salmon Fillet Pack,Meat,Seafood,1,0,0,0,0.375,0.625,ok,
2026-09-19,103,330130,22.0,21.0,43.0,warehouse_3,warehouse_3,Northeast,"Waltham, MA",42.39436,-71.265464,Shredded Cheese 2lb,Dairy,Cheese,1,0,0,0,0.5116,0.4884,ok,
2026-09-19,103,667330,6.0,4.0,10.0,warehouse_3,warehouse_3,Northeast,"Waltham, MA",42.39436,-71.265464,Toddler Snacks Box,Baby,Food,1,0,0,0,0.6,0.4,ok,
2026-09-19,103,441230,0.0,22.0,55.0,warehouse_3,warehouse_3,Northeast,"Waltham, MA",42.39436,-71.265464,Binder Clips Assort,Office,Supplies,1,1,1,1,0.0,1.0,phantom+rescue,Floor pull · recount
2026-09-19,103,990130,20.0,29.0,49.0,warehouse_3,warehouse_3,Northeast,"Waltham, MA",42.39436,-71.265464,Blueberries Pint,Produce,Fruit,1,0,0,0,0.4082,0.5918,ok,
2026-09-19,103,118690,8.0,4.0,12.0,warehouse_3,warehouse_3,Northeast,"Waltham, MA",42.39436,-71.265464,Coffee Pods 100ct,Grocery,Beverages,1,0,0,0,0.6667,0.3333,ok,
2026-09-20,101,118634,21.0,28.0,49.0,warehouse_1,warehouse_1,Northeast,"Everett, MA",42.402137,-71.069774,Bottled Water 40pk,Grocery,Beverages,1,0,0,0,0.4286,0.5714,ok,
2026-09-20,101,184220,21.0,3.0,24.0,warehouse_1,warehouse_1,Northeast,"Everett, MA",42.402137,-71.069774,Paper Towels 12pk,Household,Paper,1,0,0,0,0.875,0.125,ok,
2026-09-20,101,551902,5.0,8.0,13.0,warehouse_1,warehouse_1,Northeast,"Everett, MA",42.402137,-71.069774,Rotisserie Chicken,Deli,Prepared,1,0,0,0,0.3846,0.6154,ok,
2026-09-20,101,774015,15.0,26.0,41.0,warehouse_1,warehouse_1,Northeast,"Everett, MA",42.402137,-71.069774,AA Batteries 48ct,GM,Electronics,1,0,0,0,0.3659,0.6341,ok,
2026-09-20,101,445880,10.0,23.0,33.0,warehouse_1,warehouse_1,Northeast,"Everett, MA",42.402137,-71.069774,Laundry Detergent 2pk,Household,Laundry,1,0,0,0,0.303,0.697,ok,
2026-09-20,101,229045,22.0,28.0,50.0,warehouse_1,warehouse_1,Northeast,"Everett, MA",42.402137,-71.069774,Chicken Breast Family Pack,Meat,Chicken,1,0,0,0,0.44,0.56,ok,
2026-09-20,101,667301,22.0,20.0,42.0,warehouse_1,warehouse_1,Northeast,"Everett, MA",42.402137,-71.069774,Diapers Size 4,Baby,Diapers,1,0,0,0,0.5238,0.4762,ok,
2026-09-20,101,330112,7.0,3.0,10.0,warehouse_1,warehouse_1,Northeast,"Everett, MA",42.402137,-71.069774,Whole Milk Gallon,Dairy,Milk,1,0,0,0,0.7,0.3,ok,
2026-09-20,101,330118,11.0,27.0,38.0,warehouse_1,warehouse_1,Northeast,"Everett, MA",42.402137,-71.069774,Greek Yogurt 12ct,Dairy,Yogurt,1,0,0,0,0.2895,0.7105,ok,
2026-09-20,101,441201,10.0,0.0,10.0,warehouse_1,warehouse_1,Northeast,"Everett, MA",42.402137,-71.069774,Copy Paper 5-Ream,Office,Paper,1,0,0,0,1.0,0.0,ok,
2026-09-20,101,118640,7.0,28.0,35.0,warehouse_1,warehouse_1,Northeast,"Everett, MA",42.402137,-71.069774,Sparkling Water 24pk,Grocery,Beverages,1,0,0,0,0.2,0.8,ok,
2026-09-20,101,118655,4.0,19.0,23.0,warehouse_1,warehouse_1,Northeast,"Everett, MA",42.402137,-71.069774,Trail Mix Value Pack,Grocery,Snacks,1,0,0,0,0.1739,0.8261,ok,
2026-09-20,101,184230,7.0,6.0,13.0,warehouse_1,warehouse_1,Northeast,"Everett, MA",42.402137,-71.069774,Toilet Paper 30ct,Household,Paper,1,0,0,0,0.5385,0.4615,ok,
2026-09-20,101,184240,16.0,20.0,36.0,warehouse_1,warehouse_1,Northeast,"Everett, MA",42.402137,-71.069774,Disinfecting Wipes 3pk,Household,Cleaning,1,0,0,0,0.4444,0.5556,ok,
2026-09-20,101,551910,16.0,26.0,42.0,warehouse_1,warehouse_1,Northeast,"Everett, MA",42.402137,-71.069774,Macaroni Salad Tub,Deli,Sides,1,0,0,0,0.381,0.619,ok,
2026-09-20,101,551920,19.0,26.0,45.0,warehouse_1,warehouse_1,Northeast,"Everett, MA",42.402137,-71.069774,Turkey Club Sandwich,Deli,Prepared,1,0,0,0,0.4222,0.5778,ok,
2026-09-20,101,774020,9.0,23.0,32.0,warehouse_1,warehouse_1,Northeast,"Everett, MA",42.402137,-71.069774,HDMI Cable 2-Pack,GM,Electronics,1,0,0,0,0.2812,0.7188,ok,
2026-09-20,101,774030,14.0,28.0,42.0,warehouse_1,warehouse_1,Northeast,"Everett, MA",42.402137,-71.069774,Phone Charger Kit,GM,Electronics,1,0,0,0,0.3333,0.6667,ok,
2026-09-20,101,445890,13.0,11.0,24.0,warehouse_1,warehouse_1,Northeast,"Everett, MA",42.402137,-71.069774,Dryer Sheets 240ct,Household,Laundry,1,0,0,0,0.5417,0.4583,ok,
2026-09-20,101,229050,8.0,25.0,33.0,warehouse_1,warehouse_1,Northeast,"Everett, MA",42.402137,-71.069774,Chicken Breast Tray,Meat,Poultry,1,0,0,0,0.2424,0.7576,ok,
2026-09-20,101,229060,10.0,18.0,28.0,warehouse_1,warehouse_1,Northeast,"Everett, MA",42.402137,-71.069774,Atlantic Salmon 2pk,Meat,Seafood,1,0,0,0,0.3571,0.6429,ok,
2026-09-20,101,667310,15.0,20.0,35.0,warehouse_1,warehouse_1,Northeast,"Everett, MA",42.402137,-71.069774,Baby Wipes Soft Pack,Baby,Wipes,1,0,0,0,0.4286,0.5714,ok,
2026-09-20,101,667320,3.0,18.0,21.0,warehouse_1,warehouse_1,Northeast,"Everett, MA",42.402137,-71.069774,Infant Formula Can,Baby,Formula,1,0,0,0,0.1429,0.8571,ok,
2026-09-20,101,330120,7.0,28.0,35.0,warehouse_1,warehouse_1,Northeast,"Everett, MA",42.402137,-71.069774,Butter Quarters 4pk,Dairy,Butter,1,0,0,0,0.2,0.8,ok,
2026-09-20,101,441210,19.0,6.0,25.0,warehouse_1,warehouse_1,Northeast,"Everett, MA",42.402137,-71.069774,Ballpoint Pens 60ct,Office,Writing,1,0,0,0,0.76,0.24,ok,
2026-09-20,101,441220,22.0,7.0,29.0,warehouse_1,warehouse_1,Northeast,"Everett, MA",42.402137,-71.069774,Sticky Notes Value,Office,Supplies,1,0,0,0,0.7586,0.2414,ok,
2026-09-20,101,990101,0.0,27.0,28.0,warehouse_1,warehouse_1,Northeast,"Everett, MA",42.402137,-71.069774,Bananas Club Bunch,Produce,Fruit,1,1,1,1,0.0,1.0,phantom+rescue,Floor pull · recount
2026-09-20,101,990110,11.0,3.0,14.0,warehouse_1,warehouse_1,Northeast,"Everett, MA",42.402137,-71.069774,Bag Bag 5lb,Produce,Fruit,1,0,0,0,0.7857,0.2143,ok,
2026-09-20,101,990120,18.0,30.0,48.0,warehouse_1,warehouse_1,Northeast,"Everett, MA",42.402137,-71.069774,Romaine Hearts 3pk,Produce,Veg,1,0,0,0,0.375,0.625,ok,
2026-09-20,101,118670,4.0,6.0,10.0,warehouse_1,warehouse_1,Northeast,"Everett, MA",42.402137,-71.069774,Pasta Sauce Twin Pack,Grocery,Pantry,1,0,0,0,0.4,0.6,ok,
2026-09-20,101,118680,0.0,0.0,0.0,warehouse_1,warehouse_1,Northeast,"Everett, MA",42.402137,-71.069774,Olive Oil 2L,Grocery,Pantry,1,1,0,0,,,true_out,Replenish / order
2026-09-20,101,184250,11.0,20.0,31.0,warehouse_1,warehouse_1,Northeast,"Everett, MA",42.402137,-71.069774,Trash Bags 100ct,Household,Cleaning,1,0,0,0,0.3548,0.6452,ok,
2026-09-20,101,774040,20.0,24.0,44.0,warehouse_1,warehouse_1,Northeast,"Everett, MA",42.402137,-71.069774,LED Bulbs 8pk,GM,Home,1,0,0,0,0.4545,0.5455,ok,
2026-09-20,101,551930,20.0,4.0,24.0,warehouse_1,warehouse_1,Northeast,"Everett, MA",42.402137,-71.069774,Potato Salad Tub,Deli,Sides,1,0,0,0,0.8333,0.1667,ok,
2026-09-20,101,229070,17.0,16.0,33.0,warehouse_1,warehouse_1,Northeast,"Everett, MA",42.402137,-71.069774,Salmon Fillet Pack,Meat,Seafood,1,0,0,0,0.5152,0.4848,ok,
2026-09-20,101,330130,14.0,26.0,40.0,warehouse_1,warehouse_1,Northeast,"Everett, MA",42.402137,-71.069774,Shredded Cheese 2lb,Dairy,Cheese,1,0,0,0,0.35,0.65,ok,
2026-09-20,101,667330,14.0,25.0,39.0,warehouse_1,warehouse_1,Northeast,"Everett, MA",42.402137,-71.069774,Toddler Snacks Box,Baby,Food,1,0,0,0,0.359,0.641,ok,
2026-09-20,101,441230,8.0,7.0,15.0,warehouse_1,warehouse_1,Northeast,"Everett, MA",42.402137,-71.069774,Binder Clips Assort,Office,Supplies,1,0,0,0,0.5333,0.4667,ok,
2026-09-20,101,990130,18.0,11.0,29.0,warehouse_1,warehouse_1,Northeast,"Everett, MA",42.402137,-71.069774,Blueberries Pint,Produce,Fruit,1,0,0,0,0.6207,0.3793,ok,
2026-09-20,101,118690,8.0,28.0,36.0,warehouse_1,warehouse_1,Northeast,"Everett, MA",42.402137,-71.069774,Coffee Pods 100ct,Grocery,Beverages,1,0,0,0,0.2222,0.7778,ok,
2026-09-20,102,118634,17.0,25.0,42.0,warehouse_2,warehouse_2,Northeast,"Dedham, MA",42.231627,-71.176682,Bottled Water 40pk,Grocery,Beverages,1,0,0,0,0.4048,0.5952,ok,
2026-09-20,102,184220,15.0,2.0,17.0,warehouse_2,warehouse_2,Northeast,"Dedham, MA",42.231627,-71.176682,Paper Towels 12pk,Household,Paper,1,0,0,0,0.8824,0.1176,ok,
2026-09-20,102,551902,13.0,21.0,34.0,warehouse_2,warehouse_2,Northeast,"Dedham, MA",42.231627,-71.176682,Rotisserie Chicken,Deli,Prepared,1,0,0,0,0.3824,0.6176,ok,
2026-09-20,102,774015,8.0,28.0,36.0,warehouse_2,warehouse_2,Northeast,"Dedham, MA",42.231627,-71.176682,AA Batteries 48ct,GM,Electronics,1,0,0,0,0.2222,0.7778,ok,
2026-09-20,102,445880,4.0,8.0,12.0,warehouse_2,warehouse_2,Northeast,"Dedham, MA",42.231627,-71.176682,Laundry Detergent 2pk,Household,Laundry,1,0,0,0,0.3333,0.6667,ok,
2026-09-20,102,229045,6.0,26.0,32.0,warehouse_2,warehouse_2,Northeast,"Dedham, MA",42.231627,-71.176682,Chicken Breast Family Pack,Meat,Chicken,1,0,0,0,0.1875,0.8125,ok,
2026-09-20,102,667301,6.0,29.0,35.0,warehouse_2,warehouse_2,Northeast,"Dedham, MA",42.231627,-71.176682,Diapers Size 4,Baby,Diapers,1,0,0,0,0.1714,0.8286,ok,
2026-09-20,102,330112,22.0,2.0,24.0,warehouse_2,warehouse_2,Northeast,"Dedham, MA",42.231627,-71.176682,Whole Milk Gallon,Dairy,Milk,1,0,0,0,0.9167,0.0833,ok,
2026-09-20,102,330118,22.0,18.0,40.0,warehouse_2,warehouse_2,Northeast,"Dedham, MA",42.231627,-71.176682,Greek Yogurt 12ct,Dairy,Yogurt,1,0,0,0,0.55,0.45,ok,
2026-09-20,102,441201,7.0,10.0,17.0,warehouse_2,warehouse_2,Northeast,"Dedham, MA",42.231627,-71.176682,Copy Paper 5-Ream,Office,Paper,1,0,0,0,0.4118,0.5882,ok,
2026-09-20,102,118640,8.0,13.0,21.0,warehouse_2,warehouse_2,Northeast,"Dedham, MA",42.231627,-71.176682,Sparkling Water 24pk,Grocery,Beverages,1,0,0,0,0.381,0.619,ok,
2026-09-20,102,118655,0.0,0.0,40.0,warehouse_2,warehouse_2,Northeast,"Dedham, MA",42.231627,-71.176682,Trail Mix Value Pack,Grocery,Snacks,1,1,1,0,,,phantom,Recount / system fix
2026-09-20,102,184230,0.0,10.0,25.0,warehouse_2,warehouse_2,Northeast,"Dedham, MA",42.231627,-71.176682,Toilet Paper 30ct,Household,Paper,1,1,1,1,0.0,1.0,phantom+rescue,Floor pull · recount
2026-09-20,102,184240,22.0,21.0,43.0,warehouse_2,warehouse_2,Northeast,"Dedham, MA",42.231627,-71.176682,Disinfecting Wipes 3pk,Household,Cleaning,1,0,0,0,0.5116,0.4884,ok,
2026-09-20,102,551910,0.0,29.0,59.0,warehouse_2,warehouse_2,Northeast,"Dedham, MA",42.231627,-71.176682,Macaroni Salad Tub,Deli,Sides,1,1,1,1,0.0,1.0,phantom+rescue,Floor pull · recount
2026-09-20,102,551920,10.0,24.0,34.0,warehouse_2,warehouse_2,Northeast,"Dedham, MA",42.231627,-71.176682,Turkey Club Sandwich,Deli,Prepared,1,0,0,0,0.2941,0.7059,ok,
2026-09-20,102,774020,11.0,15.0,26.0,warehouse_2,warehouse_2,Northeast,"Dedham, MA",42.231627,-71.176682,HDMI Cable 2-Pack,GM,Electronics,1,0,0,0,0.4231,0.5769,ok,
2026-09-20,102,774030,12.0,27.0,39.0,warehouse_2,warehouse_2,Northeast,"Dedham, MA",42.231627,-71.176682,Phone Charger Kit,GM,Electronics,1,0,0,0,0.3077,0.6923,ok,
2026-09-20,102,445890,12.0,11.0,23.0,warehouse_2,warehouse_2,Northeast,"Dedham, MA",42.231627,-71.176682,Dryer Sheets 240ct,Household,Laundry,1,0,0,0,0.5217,0.4783,ok,
2026-09-20,102,229050,3.0,14.0,17.0,warehouse_2,warehouse_2,Northeast,"Dedham, MA",42.231627,-71.176682,Chicken Breast Tray,Meat,Poultry,1,0,0,0,0.1765,0.8235,ok,
2026-09-20,102,229060,20.0,24.0,44.0,warehouse_2,warehouse_2,Northeast,"Dedham, MA",42.231627,-71.176682,Atlantic Salmon 2pk,Meat,Seafood,1,0,0,0,0.4545,0.5455,ok,
2026-09-20,102,667310,4.0,13.0,17.0,warehouse_2,warehouse_2,Northeast,"Dedham, MA",42.231627,-71.176682,Baby Wipes Soft Pack,Baby,Wipes,1,0,0,0,0.2353,0.7647,ok,
2026-09-20,102,667320,11.0,18.0,29.0,warehouse_2,warehouse_2,Northeast,"Dedham, MA",42.231627,-71.176682,Infant Formula Can,Baby,Formula,1,0,0,0,0.3793,0.6207,ok,
2026-09-20,102,330120,7.0,16.0,23.0,warehouse_2,warehouse_2,Northeast,"Dedham, MA",42.231627,-71.176682,Butter Quarters 4pk,Dairy,Butter,1,0,0,0,0.3043,0.6957,ok,
2026-09-20,102,441210,0.0,12.0,26.0,warehouse_2,warehouse_2,Northeast,"Dedham, MA",42.231627,-71.176682,Ballpoint Pens 60ct,Office,Writing,1,1,1,1,0.0,1.0,phantom+rescue,Floor pull · recount
2026-09-20,102,441220,13.0,8.0,21.0,warehouse_2,warehouse_2,Northeast,"Dedham, MA",42.231627,-71.176682,Sticky Notes Value,Office,Supplies,1,0,0,0,0.619,0.381,ok,
2026-09-20,102,990101,20.0,2.0,22.0,warehouse_2,warehouse_2,Northeast,"Dedham, MA",42.231627,-71.176682,Bananas Club Bunch,Produce,Fruit,1,0,0,0,0.9091,0.0909,ok,
2026-09-20,102,990110,13.0,17.0,30.0,warehouse_2,warehouse_2,Northeast,"Dedham, MA",42.231627,-71.176682,Bag Bag 5lb,Produce,Fruit,1,0,0,0,0.4333,0.5667,ok,
2026-09-20,102,990120,11.0,29.0,40.0,warehouse_2,warehouse_2,Northeast,"Dedham, MA",42.231627,-71.176682,Romaine Hearts 3pk,Produce,Veg,1,0,0,0,0.275,0.725,ok,
2026-09-20,102,118670,22.0,17.0,39.0,warehouse_2,warehouse_2,Northeast,"Dedham, MA",42.231627,-71.176682,Pasta Sauce Twin Pack,Grocery,Pantry,1,0,0,0,0.5641,0.4359,ok,
2026-09-20,102,118680,15.0,23.0,38.0,warehouse_2,warehouse_2,Northeast,"Dedham, MA",42.231627,-71.176682,Olive Oil 2L,Grocery,Pantry,1,0,0,0,0.3947,0.6053,ok,
2026-09-20,102,184250,5.0,25.0,30.0,warehouse_2,warehouse_2,Northeast,"Dedham, MA",42.231627,-71.176682,Trash Bags 100ct,Household,Cleaning,1,0,0,0,0.1667,0.8333,ok,
2026-09-20,102,774040,10.0,21.0,31.0,warehouse_2,warehouse_2,Northeast,"Dedham, MA",42.231627,-71.176682,LED Bulbs 8pk,GM,Home,1,0,0,0,0.3226,0.6774,ok,
2026-09-20,102,551930,7.0,2.0,9.0,warehouse_2,warehouse_2,Northeast,"Dedham, MA",42.231627,-71.176682,Potato Salad Tub,Deli,Sides,1,0,0,0,0.7778,0.2222,ok,
2026-09-20,102,229070,7.0,15.0,22.0,warehouse_2,warehouse_2,Northeast,"Dedham, MA",42.231627,-71.176682,Salmon Fillet Pack,Meat,Seafood,1,0,0,0,0.3182,0.6818,ok,
2026-09-20,102,330130,10.0,13.0,23.0,warehouse_2,warehouse_2,Northeast,"Dedham, MA",42.231627,-71.176682,Shredded Cheese 2lb,Dairy,Cheese,1,0,0,0,0.4348,0.5652,ok,
2026-09-20,102,667330,15.0,0.0,15.0,warehouse_2,warehouse_2,Northeast,"Dedham, MA",42.231627,-71.176682,Toddler Snacks Box,Baby,Food,1,0,0,0,1.0,0.0,ok,
2026-09-20,102,441230,12.0,17.0,29.0,warehouse_2,warehouse_2,Northeast,"Dedham, MA",42.231627,-71.176682,Binder Clips Assort,Office,Supplies,1,0,0,0,0.4138,0.5862,ok,
2026-09-20,102,990130,22.0,29.0,51.0,warehouse_2,warehouse_2,Northeast,"Dedham, MA",42.231627,-71.176682,Blueberries Pint,Produce,Fruit,1,0,0,0,0.4314,0.5686,ok,
2026-09-20,102,118690,21.0,5.0,26.0,warehouse_2,warehouse_2,Northeast,"Dedham, MA",42.231627,-71.176682,Coffee Pods 100ct,Grocery,Beverages,1,0,0,0,0.8077,0.1923,ok,
2026-09-20,103,118634,12.0,17.0,29.0,warehouse_3,warehouse_3,Northeast,"Waltham, MA",42.39436,-71.265464,Bottled Water 40pk,Grocery,Beverages,1,0,0,0,0.4138,0.5862,ok,
2026-09-20,103,184220,18.0,29.0,47.0,warehouse_3,warehouse_3,Northeast,"Waltham, MA",42.39436,-71.265464,Paper Towels 12pk,Household,Paper,1,0,0,0,0.383,0.617,ok,
2026-09-20,103,551902,20.0,10.0,30.0,warehouse_3,warehouse_3,Northeast,"Waltham, MA",42.39436,-71.265464,Rotisserie Chicken,Deli,Prepared,1,0,0,0,0.6667,0.3333,ok,
2026-09-20,103,774015,7.0,28.0,35.0,warehouse_3,warehouse_3,Northeast,"Waltham, MA",42.39436,-71.265464,AA Batteries 48ct,GM,Electronics,1,0,0,0,0.2,0.8,ok,
2026-09-20,103,445880,20.0,0.0,20.0,warehouse_3,warehouse_3,Northeast,"Waltham, MA",42.39436,-71.265464,Laundry Detergent 2pk,Household,Laundry,1,0,0,0,1.0,0.0,ok,
2026-09-20,103,229045,5.0,10.0,15.0,warehouse_3,warehouse_3,Northeast,"Waltham, MA",42.39436,-71.265464,Chicken Breast Family Pack,Meat,Chicken,1,0,0,0,0.3333,0.6667,ok,
2026-09-20,103,667301,20.0,10.0,30.0,warehouse_3,warehouse_3,Northeast,"Waltham, MA",42.39436,-71.265464,Diapers Size 4,Baby,Diapers,1,0,0,0,0.6667,0.3333,ok,
2026-09-20,103,330112,5.0,22.0,27.0,warehouse_3,warehouse_3,Northeast,"Waltham, MA",42.39436,-71.265464,Whole Milk Gallon,Dairy,Milk,1,0,0,0,0.1852,0.8148,ok,
2026-09-20,103,330118,22.0,24.0,46.0,warehouse_3,warehouse_3,Northeast,"Waltham, MA",42.39436,-71.265464,Greek Yogurt 12ct,Dairy,Yogurt,1,0,0,0,0.4783,0.5217,ok,
2026-09-20,103,441201,20.0,11.0,31.0,warehouse_3,warehouse_3,Northeast,"Waltham, MA",42.39436,-71.265464,Copy Paper 5-Ream,Office,Paper,1,0,0,0,0.6452,0.3548,ok,
2026-09-20,103,118640,0.0,29.0,33.0,warehouse_3,warehouse_3,Northeast,"Waltham, MA",42.39436,-71.265464,Sparkling Water 24pk,Grocery,Beverages,1,1,1,1,0.0,1.0,phantom+rescue,Floor pull · recount
2026-09-20,103,118655,14.0,1.0,15.0,warehouse_3,warehouse_3,Northeast,"Waltham, MA",42.39436,-71.265464,Trail Mix Value Pack,Grocery,Snacks,1,0,0,0,0.9333,0.0667,ok,
2026-09-20,103,184230,22.0,5.0,27.0,warehouse_3,warehouse_3,Northeast,"Waltham, MA",42.39436,-71.265464,Toilet Paper 30ct,Household,Paper,1,0,0,0,0.8148,0.1852,ok,
2026-09-20,103,184240,10.0,4.0,14.0,warehouse_3,warehouse_3,Northeast,"Waltham, MA",42.39436,-71.265464,Disinfecting Wipes 3pk,Household,Cleaning,1,0,0,0,0.7143,0.2857,ok,
2026-09-20,103,551910,17.0,13.0,30.0,warehouse_3,warehouse_3,Northeast,"Waltham, MA",42.39436,-71.265464,Macaroni Salad Tub,Deli,Sides,1,0,0,0,0.5667,0.4333,ok,
2026-09-20,103,551920,18.0,5.0,23.0,warehouse_3,warehouse_3,Northeast,"Waltham, MA",42.39436,-71.265464,Turkey Club Sandwich,Deli,Prepared,1,0,0,0,0.7826,0.2174,ok,
2026-09-20,103,774020,22.0,27.0,49.0,warehouse_3,warehouse_3,Northeast,"Waltham, MA",42.39436,-71.265464,HDMI Cable 2-Pack,GM,Electronics,1,0,0,0,0.449,0.551,ok,
2026-09-20,103,774030,15.0,10.0,25.0,warehouse_3,warehouse_3,Northeast,"Waltham, MA",42.39436,-71.265464,Phone Charger Kit,GM,Electronics,1,0,0,0,0.6,0.4,ok,
2026-09-20,103,445890,0.0,0.0,0.0,warehouse_3,warehouse_3,Northeast,"Waltham, MA",42.39436,-71.265464,Dryer Sheets 240ct,Household,Laundry,1,1,0,0,,,true_out,Replenish / order
2026-09-20,103,229050,19.0,4.0,23.0,warehouse_3,warehouse_3,Northeast,"Waltham, MA",42.39436,-71.265464,Chicken Breast Tray,Meat,Poultry,1,0,0,0,0.8261,0.1739,ok,
2026-09-20,103,229060,4.0,4.0,8.0,warehouse_3,warehouse_3,Northeast,"Waltham, MA",42.39436,-71.265464,Atlantic Salmon 2pk,Meat,Seafood,1,0,0,0,0.5,0.5,ok,
2026-09-20,103,667310,5.0,14.0,19.0,warehouse_3,warehouse_3,Northeast,"Waltham, MA",42.39436,-71.265464,Baby Wipes Soft Pack,Baby,Wipes,1,0,0,0,0.2632,0.7368,ok,
2026-09-20,103,667320,13.0,30.0,43.0,warehouse_3,warehouse_3,Northeast,"Waltham, MA",42.39436,-71.265464,Infant Formula Can,Baby,Formula,1,0,0,0,0.3023,0.6977,ok,
2026-09-20,103,330120,14.0,10.0,24.0,warehouse_3,warehouse_3,Northeast,"Waltham, MA",42.39436,-71.265464,Butter Quarters 4pk,Dairy,Butter,1,0,0,0,0.5833,0.4167,ok,
2026-09-20,103,441210,14.0,20.0,34.0,warehouse_3,warehouse_3,Northeast,"Waltham, MA",42.39436,-71.265464,Ballpoint Pens 60ct,Office,Writing,1,0,0,0,0.4118,0.5882,ok,
2026-09-20,103,441220,14.0,22.0,36.0,warehouse_3,warehouse_3,Northeast,"Waltham, MA",42.39436,-71.265464,Sticky Notes Value,Office,Supplies,1,0,0,0,0.3889,0.6111,ok,
2026-09-20,103,990101,20.0,14.0,34.0,warehouse_3,warehouse_3,Northeast,"Waltham, MA",42.39436,-71.265464,Bananas Club Bunch,Produce,Fruit,1,0,0,0,0.5882,0.4118,ok,
2026-09-20,103,990110,7.0,20.0,27.0,warehouse_3,warehouse_3,Northeast,"Waltham, MA",42.39436,-71.265464,Bag Bag 5lb,Produce,Fruit,1,0,0,0,0.2593,0.7407,ok,
2026-09-20,103,990120,4.0,18.0,22.0,warehouse_3,warehouse_3,Northeast,"Waltham, MA",42.39436,-71.265464,Romaine Hearts 3pk,Produce,Veg,1,0,0,0,0.1818,0.8182,ok,
2026-09-20,103,118670,16.0,21.0,37.0,warehouse_3,warehouse_3,Northeast,"Waltham, MA",42.39436,-71.265464,Pasta Sauce Twin Pack,Grocery,Pantry,1,0,0,0,0.4324,0.5676,ok,
2026-09-20,103,118680,19.0,28.0,47.0,warehouse_3,warehouse_3,Northeast,"Waltham, MA",42.39436,-71.265464,Olive Oil 2L,Grocery,Pantry,1,0,0,0,0.4043,0.5957,ok,
2026-09-20,103,184250,20.0,24.0,44.0,warehouse_3,warehouse_3,Northeast,"Waltham, MA",42.39436,-71.265464,Trash Bags 100ct,Household,Cleaning,1,0,0,0,0.4545,0.5455,ok,
2026-09-20,103,774040,9.0,19.0,28.0,warehouse_3,warehouse_3,Northeast,"Waltham, MA",42.39436,-71.265464,LED Bulbs 8pk,GM,Home,1,0,0,0,0.3214,0.6786,ok,
2026-09-20,103,551930,17.0,5.0,22.0,warehouse_3,warehouse_3,Northeast,"Waltham, MA",42.39436,-71.265464,Potato Salad Tub,Deli,Sides,1,0,0,0,0.7727,0.2273,ok,
2026-09-20,103,229070,0.0,38.0,43.0,warehouse_3,warehouse_3,Northeast,"Waltham, MA",42.39436,-71.265464,Salmon Fillet Pack,Meat,Seafood,1,1,1,1,0.0,1.0,phantom+rescue,Floor pull · recount
2026-09-20,103,330130,22.0,13.0,35.0,warehouse_3,warehouse_3,Northeast,"Waltham, MA",42.39436,-71.265464,Shredded Cheese 2lb,Dairy,Cheese,1,0,0,0,0.6286,0.3714,ok,
2026-09-20,103,667330,20.0,24.0,44.0,warehouse_3,warehouse_3,Northeast,"Waltham, MA",42.39436,-71.265464,Toddler Snacks Box,Baby,Food,1,0,0,0,0.4545,0.5455,ok,
2026-09-20,103,441230,0.0,0.0,40.0,warehouse_3,warehouse_3,Northeast,"Waltham, MA",42.39436,-71.265464,Binder Clips Assort,Office,Supplies,1,1,1,0,,,phantom,Recount / system fix
2026-09-20,103,990130,8.0,3.0,11.0,warehouse_3,warehouse_3,Northeast,"Waltham, MA",42.39436,-71.265464,Blueberries Pint,Produce,Fruit,1,0,0,0,0.7273,0.2727,ok,
2026-09-20,103,118690,15.0,12.0,27.0,warehouse_3,warehouse_3,Northeast,"Waltham, MA",42.39436,-71.265464,Coffee Pods 100ct,Grocery,Beverages,1,0,0,0,0.5556,0.4444,ok,
2026-09-21,101,118634,6.0,3.0,9.0,warehouse_1,warehouse_1,Northeast,"Everett, MA",42.402137,-71.069774,Bottled Water 40pk,Grocery,Beverages,1,0,0,0,0.6667,0.3333,ok,
2026-09-21,101,184220,6.0,6.0,12.0,warehouse_1,warehouse_1,Northeast,"Everett, MA",42.402137,-71.069774,Paper Towels 12pk,Household,Paper,1,0,0,0,0.5,0.5,ok,
2026-09-21,101,551902,0.0,20.0,36.0,warehouse_1,warehouse_1,Northeast,"Everett, MA",42.402137,-71.069774,Rotisserie Chicken,Deli,Prepared,1,1,1,1,0.0,1.0,phantom+rescue,Floor pull · recount
2026-09-21,101,774015,3.0,10.0,13.0,warehouse_1,warehouse_1,Northeast,"Everett, MA",42.402137,-71.069774,AA Batteries 48ct,GM,Electronics,1,0,0,0,0.2308,0.7692,ok,
2026-09-21,101,445880,16.0,27.0,43.0,warehouse_1,warehouse_1,Northeast,"Everett, MA",42.402137,-71.069774,Laundry Detergent 2pk,Household,Laundry,1,0,0,0,0.3721,0.6279,ok,
2026-09-21,101,229045,15.0,6.0,21.0,warehouse_1,warehouse_1,Northeast,"Everett, MA",42.402137,-71.069774,Chicken Breast Family Pack,Meat,Chicken,1,0,0,0,0.7143,0.2857,ok,
2026-09-21,101,667301,8.0,20.0,28.0,warehouse_1,warehouse_1,Northeast,"Everett, MA",42.402137,-71.069774,Diapers Size 4,Baby,Diapers,1,0,0,0,0.2857,0.7143,ok,
2026-09-21,101,330112,10.0,15.0,25.0,warehouse_1,warehouse_1,Northeast,"Everett, MA",42.402137,-71.069774,Whole Milk Gallon,Dairy,Milk,1,0,0,0,0.4,0.6,ok,
2026-09-21,101,330118,7.0,5.0,12.0,warehouse_1,warehouse_1,Northeast,"Everett, MA",42.402137,-71.069774,Greek Yogurt 12ct,Dairy,Yogurt,1,0,0,0,0.5833,0.4167,ok,
2026-09-21,101,441201,20.0,27.0,47.0,warehouse_1,warehouse_1,Northeast,"Everett, MA",42.402137,-71.069774,Copy Paper 5-Ream,Office,Paper,1,0,0,0,0.4255,0.5745,ok,
2026-09-21,101,118640,14.0,6.0,20.0,warehouse_1,warehouse_1,Northeast,"Everett, MA",42.402137,-71.069774,Sparkling Water 24pk,Grocery,Beverages,1,0,0,0,0.7,0.3,ok,
2026-09-21,101,118655,0.0,0.0,56.0,warehouse_1,warehouse_1,Northeast,"Everett, MA",42.402137,-71.069774,Trail Mix Value Pack,Grocery,Snacks,1,1,1,0,,,phantom,Recount / system fix
2026-09-21,101,184230,0.0,22.0,45.0,warehouse_1,warehouse_1,Northeast,"Everett, MA",42.402137,-71.069774,Toilet Paper 30ct,Household,Paper,1,1,1,1,0.0,1.0,phantom+rescue,Floor pull · recount
2026-09-21,101,184240,9.0,8.0,17.0,warehouse_1,warehouse_1,Northeast,"Everett, MA",42.402137,-71.069774,Disinfecting Wipes 3pk,Household,Cleaning,1,0,0,0,0.5294,0.4706,ok,
2026-09-21,101,551910,0.0,11.0,12.0,warehouse_1,warehouse_1,Northeast,"Everett, MA",42.402137,-71.069774,Macaroni Salad Tub,Deli,Sides,1,1,1,1,0.0,1.0,phantom+rescue,Floor pull · recount
2026-09-21,101,551920,21.0,11.0,32.0,warehouse_1,warehouse_1,Northeast,"Everett, MA",42.402137,-71.069774,Turkey Club Sandwich,Deli,Prepared,1,0,0,0,0.6562,0.3438,ok,
2026-09-21,101,774020,14.0,6.0,20.0,warehouse_1,warehouse_1,Northeast,"Everett, MA",42.402137,-71.069774,HDMI Cable 2-Pack,GM,Electronics,1,0,0,0,0.7,0.3,ok,
2026-09-21,101,774030,0.0,0.0,59.0,warehouse_1,warehouse_1,Northeast,"Everett, MA",42.402137,-71.069774,Phone Charger Kit,GM,Electronics,1,1,1,0,,,phantom,Recount / system fix
2026-09-21,101,445890,14.0,20.0,34.0,warehouse_1,warehouse_1,Northeast,"Everett, MA",42.402137,-71.069774,Dryer Sheets 240ct,Household,Laundry,1,0,0,0,0.4118,0.5882,ok,
2026-09-21,101,229050,8.0,24.0,32.0,warehouse_1,warehouse_1,Northeast,"Everett, MA",42.402137,-71.069774,Chicken Breast Tray,Meat,Poultry,1,0,0,0,0.25,0.75,ok,
2026-09-21,101,229060,7.0,27.0,34.0,warehouse_1,warehouse_1,Northeast,"Everett, MA",42.402137,-71.069774,Atlantic Salmon 2pk,Meat,Seafood,1,0,0,0,0.2059,0.7941,ok,
2026-09-21,101,667310,0.0,0.0,0.0,warehouse_1,warehouse_1,Northeast,"Everett, MA",42.402137,-71.069774,Baby Wipes Soft Pack,Baby,Wipes,1,1,0,0,,,true_out,Replenish / order
2026-09-21,101,667320,10.0,12.0,22.0,warehouse_1,warehouse_1,Northeast,"Everett, MA",42.402137,-71.069774,Infant Formula Can,Baby,Formula,1,0,0,0,0.4545,0.5455,ok,
2026-09-21,101,330120,11.0,6.0,17.0,warehouse_1,warehouse_1,Northeast,"Everett, MA",42.402137,-71.069774,Butter Quarters 4pk,Dairy,Butter,1,0,0,0,0.6471,0.3529,ok,
2026-09-21,101,441210,3.0,4.0,7.0,warehouse_1,warehouse_1,Northeast,"Everett, MA",42.402137,-71.069774,Ballpoint Pens 60ct,Office,Writing,1,0,0,0,0.4286,0.5714,ok,
2026-09-21,101,441220,8.0,4.0,12.0,warehouse_1,warehouse_1,Northeast,"Everett, MA",42.402137,-71.069774,Sticky Notes Value,Office,Supplies,1,0,0,0,0.6667,0.3333,ok,
2026-09-21,101,990101,16.0,16.0,32.0,warehouse_1,warehouse_1,Northeast,"Everett, MA",42.402137,-71.069774,Bananas Club Bunch,Produce,Fruit,1,0,0,0,0.5,0.5,ok,
2026-09-21,101,990110,8.0,15.0,23.0,warehouse_1,warehouse_1,Northeast,"Everett, MA",42.402137,-71.069774,Bag Bag 5lb,Produce,Fruit,1,0,0,0,0.3478,0.6522,ok,
2026-09-21,101,990120,8.0,7.0,15.0,warehouse_1,warehouse_1,Northeast,"Everett, MA",42.402137,-71.069774,Romaine Hearts 3pk,Produce,Veg,1,0,0,0,0.5333,0.4667,ok,
2026-09-21,101,118670,21.0,26.0,47.0,warehouse_1,warehouse_1,Northeast,"Everett, MA",42.402137,-71.069774,Pasta Sauce Twin Pack,Grocery,Pantry,1,0,0,0,0.4468,0.5532,ok,
2026-09-21,101,118680,20.0,10.0,30.0,warehouse_1,warehouse_1,Northeast,"Everett, MA",42.402137,-71.069774,Olive Oil 2L,Grocery,Pantry,1,0,0,0,0.6667,0.3333,ok,
2026-09-21,101,184250,8.0,7.0,15.0,warehouse_1,warehouse_1,Northeast,"Everett, MA",42.402137,-71.069774,Trash Bags 100ct,Household,Cleaning,1,0,0,0,0.5333,0.4667,ok,
2026-09-21,101,774040,15.0,28.0,43.0,warehouse_1,warehouse_1,Northeast,"Everett, MA",42.402137,-71.069774,LED Bulbs 8pk,GM,Home,1,0,0,0,0.3488,0.6512,ok,
2026-09-21,101,551930,5.0,30.0,35.0,warehouse_1,warehouse_1,Northeast,"Everett, MA",42.402137,-71.069774,Potato Salad Tub,Deli,Sides,1,0,0,0,0.1429,0.8571,ok,
2026-09-21,101,229070,22.0,8.0,30.0,warehouse_1,warehouse_1,Northeast,"Everett, MA",42.402137,-71.069774,Salmon Fillet Pack,Meat,Seafood,1,0,0,0,0.7333,0.2667,ok,
2026-09-21,101,330130,4.0,19.0,23.0,warehouse_1,warehouse_1,Northeast,"Everett, MA",42.402137,-71.069774,Shredded Cheese 2lb,Dairy,Cheese,1,0,0,0,0.1739,0.8261,ok,
2026-09-21,101,667330,10.0,7.0,17.0,warehouse_1,warehouse_1,Northeast,"Everett, MA",42.402137,-71.069774,Toddler Snacks Box,Baby,Food,1,0,0,0,0.5882,0.4118,ok,
2026-09-21,101,441230,17.0,7.0,24.0,warehouse_1,warehouse_1,Northeast,"Everett, MA",42.402137,-71.069774,Binder Clips Assort,Office,Supplies,1,0,0,0,0.7083,0.2917,ok,
2026-09-21,101,990130,7.0,8.0,15.0,warehouse_1,warehouse_1,Northeast,"Everett, MA",42.402137,-71.069774,Blueberries Pint,Produce,Fruit,1,0,0,0,0.4667,0.5333,ok,
2026-09-21,101,118690,16.0,26.0,42.0,warehouse_1,warehouse_1,Northeast,"Everett, MA",42.402137,-71.069774,Coffee Pods 100ct,Grocery,Beverages,1,0,0,0,0.381,0.619,ok,
2026-09-21,102,118634,6.0,0.0,6.0,warehouse_2,warehouse_2,Northeast,"Dedham, MA",42.231627,-71.176682,Bottled Water 40pk,Grocery,Beverages,1,0,0,0,1.0,0.0,ok,
2026-09-21,102,184220,3.0,5.0,8.0,warehouse_2,warehouse_2,Northeast,"Dedham, MA",42.231627,-71.176682,Paper Towels 12pk,Household,Paper,1,0,0,0,0.375,0.625,ok,
2026-09-21,102,551902,5.0,14.0,19.0,warehouse_2,warehouse_2,Northeast,"Dedham, MA",42.231627,-71.176682,Rotisserie Chicken,Deli,Prepared,1,0,0,0,0.2632,0.7368,ok,
2026-09-21,102,774015,5.0,6.0,11.0,warehouse_2,warehouse_2,Northeast,"Dedham, MA",42.231627,-71.176682,AA Batteries 48ct,GM,Electronics,1,0,0,0,0.4545,0.5455,ok,
2026-09-21,102,445880,22.0,8.0,30.0,warehouse_2,warehouse_2,Northeast,"Dedham, MA",42.231627,-71.176682,Laundry Detergent 2pk,Household,Laundry,1,0,0,0,0.7333,0.2667,ok,
2026-09-21,102,229045,22.0,14.0,36.0,warehouse_2,warehouse_2,Northeast,"Dedham, MA",42.231627,-71.176682,Chicken Breast Family Pack,Meat,Chicken,1,0,0,0,0.6111,0.3889,ok,
2026-09-21,102,667301,21.0,6.0,27.0,warehouse_2,warehouse_2,Northeast,"Dedham, MA",42.231627,-71.176682,Diapers Size 4,Baby,Diapers,1,0,0,0,0.7778,0.2222,ok,
2026-09-21,102,330112,11.0,29.0,40.0,warehouse_2,warehouse_2,Northeast,"Dedham, MA",42.231627,-71.176682,Whole Milk Gallon,Dairy,Milk,1,0,0,0,0.275,0.725,ok,
2026-09-21,102,330118,7.0,26.0,33.0,warehouse_2,warehouse_2,Northeast,"Dedham, MA",42.231627,-71.176682,Greek Yogurt 12ct,Dairy,Yogurt,1,0,0,0,0.2121,0.7879,ok,
2026-09-21,102,441201,12.0,21.0,33.0,warehouse_2,warehouse_2,Northeast,"Dedham, MA",42.231627,-71.176682,Copy Paper 5-Ream,Office,Paper,1,0,0,0,0.3636,0.6364,ok,
2026-09-21,102,118640,9.0,0.0,9.0,warehouse_2,warehouse_2,Northeast,"Dedham, MA",42.231627,-71.176682,Sparkling Water 24pk,Grocery,Beverages,1,0,0,0,1.0,0.0,ok,
2026-09-21,102,118655,8.0,4.0,12.0,warehouse_2,warehouse_2,Northeast,"Dedham, MA",42.231627,-71.176682,Trail Mix Value Pack,Grocery,Snacks,1,0,0,0,0.6667,0.3333,ok,
2026-09-21,102,184230,12.0,1.0,13.0,warehouse_2,warehouse_2,Northeast,"Dedham, MA",42.231627,-71.176682,Toilet Paper 30ct,Household,Paper,1,0,0,0,0.9231,0.0769,ok,
2026-09-21,102,184240,8.0,28.0,36.0,warehouse_2,warehouse_2,Northeast,"Dedham, MA",42.231627,-71.176682,Disinfecting Wipes 3pk,Household,Cleaning,1,0,0,0,0.2222,0.7778,ok,
2026-09-21,102,551910,16.0,2.0,18.0,warehouse_2,warehouse_2,Northeast,"Dedham, MA",42.231627,-71.176682,Macaroni Salad Tub,Deli,Sides,1,0,0,0,0.8889,0.1111,ok,
2026-09-21,102,551920,18.0,13.0,31.0,warehouse_2,warehouse_2,Northeast,"Dedham, MA",42.231627,-71.176682,Turkey Club Sandwich,Deli,Prepared,1,0,0,0,0.5806,0.4194,ok,
2026-09-21,102,774020,12.0,12.0,24.0,warehouse_2,warehouse_2,Northeast,"Dedham, MA",42.231627,-71.176682,HDMI Cable 2-Pack,GM,Electronics,1,0,0,0,0.5,0.5,ok,
2026-09-21,102,774030,0.0,10.0,24.0,warehouse_2,warehouse_2,Northeast,"Dedham, MA",42.231627,-71.176682,Phone Charger Kit,GM,Electronics,1,1,1,1,0.0,1.0,phantom+rescue,Floor pull · recount
2026-09-21,102,445890,0.0,20.0,38.0,warehouse_2,warehouse_2,Northeast,"Dedham, MA",42.231627,-71.176682,Dryer Sheets 240ct,Household,Laundry,1,1,1,1,0.0,1.0,phantom+rescue,Floor pull · recount
2026-09-21,102,229050,19.0,18.0,37.0,warehouse_2,warehouse_2,Northeast,"Dedham, MA",42.231627,-71.176682,Chicken Breast Tray,Meat,Poultry,1,0,0,0,0.5135,0.4865,ok,
2026-09-21,102,229060,15.0,2.0,17.0,warehouse_2,warehouse_2,Northeast,"Dedham, MA",42.231627,-71.176682,Atlantic Salmon 2pk,Meat,Seafood,1,0,0,0,0.8824,0.1176,ok,
2026-09-21,102,667310,8.0,9.0,17.0,warehouse_2,warehouse_2,Northeast,"Dedham, MA",42.231627,-71.176682,Baby Wipes Soft Pack,Baby,Wipes,1,0,0,0,0.4706,0.5294,ok,
2026-09-21,102,667320,11.0,7.0,18.0,warehouse_2,warehouse_2,Northeast,"Dedham, MA",42.231627,-71.176682,Infant Formula Can,Baby,Formula,1,0,0,0,0.6111,0.3889,ok,
2026-09-21,102,330120,10.0,11.0,21.0,warehouse_2,warehouse_2,Northeast,"Dedham, MA",42.231627,-71.176682,Butter Quarters 4pk,Dairy,Butter,1,0,0,0,0.4762,0.5238,ok,
2026-09-21,102,441210,11.0,7.0,18.0,warehouse_2,warehouse_2,Northeast,"Dedham, MA",42.231627,-71.176682,Ballpoint Pens 60ct,Office,Writing,1,0,0,0,0.6111,0.3889,ok,
2026-09-21,102,441220,22.0,14.0,36.0,warehouse_2,warehouse_2,Northeast,"Dedham, MA",42.231627,-71.176682,Sticky Notes Value,Office,Supplies,1,0,0,0,0.6111,0.3889,ok,
2026-09-21,102,990101,10.0,17.0,27.0,warehouse_2,warehouse_2,Northeast,"Dedham, MA",42.231627,-71.176682,Bananas Club Bunch,Produce,Fruit,1,0,0,0,0.3704,0.6296,ok,
2026-09-21,102,990110,8.0,25.0,33.0,warehouse_2,warehouse_2,Northeast,"Dedham, MA",42.231627,-71.176682,Bag Bag 5lb,Produce,Fruit,1,0,0,0,0.2424,0.7576,ok,
2026-09-21,102,990120,15.0,20.0,35.0,warehouse_2,warehouse_2,Northeast,"Dedham, MA",42.231627,-71.176682,Romaine Hearts 3pk,Produce,Veg,1,0,0,0,0.4286,0.5714,ok,
2026-09-21,102,118670,3.0,17.0,20.0,warehouse_2,warehouse_2,Northeast,"Dedham, MA",42.231627,-71.176682,Pasta Sauce Twin Pack,Grocery,Pantry,1,0,0,0,0.15,0.85,ok,
2026-09-21,102,118680,8.0,4.0,12.0,warehouse_2,warehouse_2,Northeast,"Dedham, MA",42.231627,-71.176682,Olive Oil 2L,Grocery,Pantry,1,0,0,0,0.6667,0.3333,ok,
2026-09-21,102,184250,8.0,2.0,10.0,warehouse_2,warehouse_2,Northeast,"Dedham, MA",42.231627,-71.176682,Trash Bags 100ct,Household,Cleaning,1,0,0,0,0.8,0.2,ok,
2026-09-21,102,774040,14.0,6.0,20.0,warehouse_2,warehouse_2,Northeast,"Dedham, MA",42.231627,-71.176682,LED Bulbs 8pk,GM,Home,1,0,0,0,0.7,0.3,ok,
2026-09-21,102,551930,8.0,14.0,22.0,warehouse_2,warehouse_2,Northeast,"Dedham, MA",42.231627,-71.176682,Potato Salad Tub,Deli,Sides,1,0,0,0,0.3636,0.6364,ok,
2026-09-21,102,229070,19.0,25.0,44.0,warehouse_2,warehouse_2,Northeast,"Dedham, MA",42.231627,-71.176682,Salmon Fillet Pack,Meat,Seafood,1,0,0,0,0.4318,0.5682,ok,
2026-09-21,102,330130,17.0,30.0,47.0,warehouse_2,warehouse_2,Northeast,"Dedham, MA",42.231627,-71.176682,Shredded Cheese 2lb,Dairy,Cheese,1,0,0,0,0.3617,0.6383,ok,
2026-09-21,102,667330,13.0,10.0,23.0,warehouse_2,warehouse_2,Northeast,"Dedham, MA",42.231627,-71.176682,Toddler Snacks Box,Baby,Food,1,0,0,0,0.5652,0.4348,ok,
2026-09-21,102,441230,8.0,16.0,24.0,warehouse_2,warehouse_2,Northeast,"Dedham, MA",42.231627,-71.176682,Binder Clips Assort,Office,Supplies,1,0,0,0,0.3333,0.6667,ok,
2026-09-21,102,990130,17.0,16.0,33.0,warehouse_2,warehouse_2,Northeast,"Dedham, MA",42.231627,-71.176682,Blueberries Pint,Produce,Fruit,1,0,0,0,0.5152,0.4848,ok,
2026-09-21,102,118690,20.0,1.0,21.0,warehouse_2,warehouse_2,Northeast,"Dedham, MA",42.231627,-71.176682,Coffee Pods 100ct,Grocery,Beverages,1,0,0,0,0.9524,0.0476,ok,
2026-09-21,103,118634,12.0,8.0,20.0,warehouse_3,warehouse_3,Northeast,"Waltham, MA",42.39436,-71.265464,Bottled Water 40pk,Grocery,Beverages,1,0,0,0,0.6,0.4,ok,
2026-09-21,103,184220,10.0,12.0,22.0,warehouse_3,warehouse_3,Northeast,"Waltham, MA",42.39436,-71.265464,Paper Towels 12pk,Household,Paper,1,0,0,0,0.4545,0.5455,ok,
2026-09-21,103,551902,14.0,26.0,40.0,warehouse_3,warehouse_3,Northeast,"Waltham, MA",42.39436,-71.265464,Rotisserie Chicken,Deli,Prepared,1,0,0,0,0.35,0.65,ok,
2026-09-21,103,774015,0.0,0.0,22.0,warehouse_3,warehouse_3,Northeast,"Waltham, MA",42.39436,-71.265464,AA Batteries 48ct,GM,Electronics,1,1,1,0,,,phantom,Recount / system fix
2026-09-21,103,445880,3.0,6.0,9.0,warehouse_3,warehouse_3,Northeast,"Waltham, MA",42.39436,-71.265464,Laundry Detergent 2pk,Household,Laundry,1,0,0,0,0.3333,0.6667,ok,
2026-09-21,103,229045,21.0,7.0,28.0,warehouse_3,warehouse_3,Northeast,"Waltham, MA",42.39436,-71.265464,Chicken Breast Family Pack,Meat,Chicken,1,0,0,0,0.75,0.25,ok,
2026-09-21,103,667301,8.0,20.0,28.0,warehouse_3,warehouse_3,Northeast,"Waltham, MA",42.39436,-71.265464,Diapers Size 4,Baby,Diapers,1,0,0,0,0.2857,0.7143,ok,
2026-09-21,103,330112,17.0,7.0,24.0,warehouse_3,warehouse_3,Northeast,"Waltham, MA",42.39436,-71.265464,Whole Milk Gallon,Dairy,Milk,1,0,0,0,0.7083,0.2917,ok,
2026-09-21,103,330118,3.0,20.0,23.0,warehouse_3,warehouse_3,Northeast,"Waltham, MA",42.39436,-71.265464,Greek Yogurt 12ct,Dairy,Yogurt,1,0,0,0,0.1304,0.8696,ok,
2026-09-21,103,441201,17.0,5.0,22.0,warehouse_3,warehouse_3,Northeast,"Waltham, MA",42.39436,-71.265464,Copy Paper 5-Ream,Office,Paper,1,0,0,0,0.7727,0.2273,ok,
2026-09-21,103,118640,0.0,0.0,15.0,warehouse_3,warehouse_3,Northeast,"Waltham, MA",42.39436,-71.265464,Sparkling Water 24pk,Grocery,Beverages,1,1,1,0,,,phantom,Recount / system fix
2026-09-21,103,118655,22.0,28.0,50.0,warehouse_3,warehouse_3,Northeast,"Waltham, MA",42.39436,-71.265464,Trail Mix Value Pack,Grocery,Snacks,1,0,0,0,0.44,0.56,ok,
2026-09-21,103,184230,12.0,30.0,42.0,warehouse_3,warehouse_3,Northeast,"Waltham, MA",42.39436,-71.265464,Toilet Paper 30ct,Household,Paper,1,0,0,0,0.2857,0.7143,ok,
2026-09-21,103,184240,16.0,21.0,37.0,warehouse_3,warehouse_3,Northeast,"Waltham, MA",42.39436,-71.265464,Disinfecting Wipes 3pk,Household,Cleaning,1,0,0,0,0.4324,0.5676,ok,
2026-09-21,103,551910,11.0,17.0,28.0,warehouse_3,warehouse_3,Northeast,"Waltham, MA",42.39436,-71.265464,Macaroni Salad Tub,Deli,Sides,1,0,0,0,0.3929,0.6071,ok,
2026-09-21,103,551920,22.0,7.0,29.0,warehouse_3,warehouse_3,Northeast,"Waltham, MA",42.39436,-71.265464,Turkey Club Sandwich,Deli,Prepared,1,0,0,0,0.7586,0.2414,ok,
2026-09-21,103,774020,7.0,9.0,16.0,warehouse_3,warehouse_3,Northeast,"Waltham, MA",42.39436,-71.265464,HDMI Cable 2-Pack,GM,Electronics,1,0,0,0,0.4375,0.5625,ok,
2026-09-21,103,774030,21.0,24.0,45.0,warehouse_3,warehouse_3,Northeast,"Waltham, MA",42.39436,-71.265464,Phone Charger Kit,GM,Electronics,1,0,0,0,0.4667,0.5333,ok,
2026-09-21,103,445890,19.0,12.0,31.0,warehouse_3,warehouse_3,Northeast,"Waltham, MA",42.39436,-71.265464,Dryer Sheets 240ct,Household,Laundry,1,0,0,0,0.6129,0.3871,ok,
2026-09-21,103,229050,16.0,12.0,28.0,warehouse_3,warehouse_3,Northeast,"Waltham, MA",42.39436,-71.265464,Chicken Breast Tray,Meat,Poultry,1,0,0,0,0.5714,0.4286,ok,
2026-09-21,103,229060,10.0,25.0,35.0,warehouse_3,warehouse_3,Northeast,"Waltham, MA",42.39436,-71.265464,Atlantic Salmon 2pk,Meat,Seafood,1,0,0,0,0.2857,0.7143,ok,
2026-09-21,103,667310,14.0,29.0,43.0,warehouse_3,warehouse_3,Northeast,"Waltham, MA",42.39436,-71.265464,Baby Wipes Soft Pack,Baby,Wipes,1,0,0,0,0.3256,0.6744,ok,
2026-09-21,103,667320,20.0,14.0,34.0,warehouse_3,warehouse_3,Northeast,"Waltham, MA",42.39436,-71.265464,Infant Formula Can,Baby,Formula,1,0,0,0,0.5882,0.4118,ok,
2026-09-21,103,330120,13.0,19.0,32.0,warehouse_3,warehouse_3,Northeast,"Waltham, MA",42.39436,-71.265464,Butter Quarters 4pk,Dairy,Butter,1,0,0,0,0.4062,0.5938,ok,
2026-09-21,103,441210,3.0,19.0,22.0,warehouse_3,warehouse_3,Northeast,"Waltham, MA",42.39436,-71.265464,Ballpoint Pens 60ct,Office,Writing,1,0,0,0,0.1364,0.8636,ok,
2026-09-21,103,441220,14.0,2.0,16.0,warehouse_3,warehouse_3,Northeast,"Waltham, MA",42.39436,-71.265464,Sticky Notes Value,Office,Supplies,1,0,0,0,0.875,0.125,ok,
2026-09-21,103,990101,22.0,18.0,40.0,warehouse_3,warehouse_3,Northeast,"Waltham, MA",42.39436,-71.265464,Bananas Club Bunch,Produce,Fruit,1,0,0,0,0.55,0.45,ok,
2026-09-21,103,990110,9.0,7.0,16.0,warehouse_3,warehouse_3,Northeast,"Waltham, MA",42.39436,-71.265464,Bag Bag 5lb,Produce,Fruit,1,0,0,0,0.5625,0.4375,ok,
2026-09-21,103,990120,21.0,12.0,33.0,warehouse_3,warehouse_3,Northeast,"Waltham, MA",42.39436,-71.265464,Romaine Hearts 3pk,Produce,Veg,1,0,0,0,0.6364,0.3636,ok,
2026-09-21,103,118670,4.0,10.0,14.0,warehouse_3,warehouse_3,Northeast,"Waltham, MA",42.39436,-71.265464,Pasta Sauce Twin Pack,Grocery,Pantry,1,0,0,0,0.2857,0.7143,ok,
2026-09-21,103,118680,5.0,18.0,23.0,warehouse_3,warehouse_3,Northeast,"Waltham, MA",42.39436,-71.265464,Olive Oil 2L,Grocery,Pantry,1,0,0,0,0.2174,0.7826,ok,
2026-09-21,103,184250,16.0,26.0,42.0,warehouse_3,warehouse_3,Northeast,"Waltham, MA",42.39436,-71.265464,Trash Bags 100ct,Household,Cleaning,1,0,0,0,0.381,0.619,ok,
2026-09-21,103,774040,15.0,28.0,43.0,warehouse_3,warehouse_3,Northeast,"Waltham, MA",42.39436,-71.265464,LED Bulbs 8pk,GM,Home,1,0,0,0,0.3488,0.6512,ok,
2026-09-21,103,551930,21.0,20.0,41.0,warehouse_3,warehouse_3,Northeast,"Waltham, MA",42.39436,-71.265464,Potato Salad Tub,Deli,Sides,1,0,0,0,0.5122,0.4878,ok,
2026-09-21,103,229070,7.0,22.0,29.0,warehouse_3,warehouse_3,Northeast,"Waltham, MA",42.39436,-71.265464,Salmon Fillet Pack,Meat,Seafood,1,0,0,0,0.2414,0.7586,ok,
2026-09-21,103,330130,13.0,3.0,16.0,warehouse_3,warehouse_3,Northeast,"Waltham, MA",42.39436,-71.265464,Shredded Cheese 2lb,Dairy,Cheese,1,0,0,0,0.8125,0.1875,ok,
2026-09-21,103,667330,10.0,22.0,32.0,warehouse_3,warehouse_3,Northeast,"Waltham, MA",42.39436,-71.265464,Toddler Snacks Box,Baby,Food,1,0,0,0,0.3125,0.6875,ok,
2026-09-21,103,441230,18.0,21.0,39.0,warehouse_3,warehouse_3,Northeast,"Waltham, MA",42.39436,-71.265464,Binder Clips Assort,Office,Supplies,1,0,0,0,0.4615,0.5385,ok,
2026-09-21,103,990130,18.0,1.0,19.0,warehouse_3,warehouse_3,Northeast,"Waltham, MA",42.39436,-71.265464,Blueberries Pint,Produce,Fruit,1,0,0,0,0.9474,0.0526,ok,
2026-09-21,103,118690,18.0,22.0,40.0,warehouse_3,warehouse_3,Northeast,"Waltham, MA",42.39436,-71.265464,Coffee Pods 100ct,Grocery,Beverages,1,0,0,0,0.45,0.55,ok,
2026-09-22,101,118634,0.0,40.0,86.0,warehouse_1,warehouse_1,Northeast,"Everett, MA",42.402137,-71.069774,Bottled Water 40pk,Grocery,Beverages,1,1,1,1,0.0,1.0,phantom+rescue,Floor pull · recount
2026-09-22,101,184220,0.0,0.0,36.0,warehouse_1,warehouse_1,Northeast,"Everett, MA",42.402137,-71.069774,Paper Towels 12pk,Household,Paper,1,1,1,0,,,phantom,Recount / system fix
2026-09-22,101,551902,0.0,24.0,0.0,warehouse_1,warehouse_1,Northeast,"Everett, MA",42.402137,-71.069774,Rotisserie Chicken,Deli,Prepared,1,1,0,1,0.0,1.0,rescue,Floor pull from backroom
2026-09-22,101,774015,0.0,0.0,48.0,warehouse_1,warehouse_1,Northeast,"Everett, MA",42.402137,-71.069774,AA Batteries 48ct,GM,Electronics,1,1,1,0,,,phantom,Recount / system fix
2026-09-22,101,445880,0.0,12.0,52.0,warehouse_1,warehouse_1,Northeast,"Everett, MA",42.402137,-71.069774,Laundry Detergent 2pk,Household,Laundry,1,1,1,1,0.0,1.0,phantom+rescue,Floor pull · recount
2026-09-22,101,229045,0.0,16.0,0.0,warehouse_1,warehouse_1,Northeast,"Everett, MA",42.402137,-71.069774,Chicken Breast Family Pack,Meat,Chicken,1,1,0,1,0.0,1.0,rescue,Floor pull from backroom
2026-09-22,101,667301,0.0,0.0,18.0,warehouse_1,warehouse_1,Northeast,"Everett, MA",42.402137,-71.069774,Diapers Size 4,Baby,Diapers,1,1,1,0,,,phantom,Recount / system fix
2026-09-22,101,330112,0.0,10.0,10.0,warehouse_1,warehouse_1,Northeast,"Everett, MA",42.402137,-71.069774,Whole Milk Gallon,Dairy,Milk,1,1,1,1,0.0,1.0,phantom+rescue,Floor pull · recount
2026-09-22,101,330118,19.0,13.0,32.0,warehouse_1,warehouse_1,Northeast,"Everett, MA",42.402137,-71.069774,Greek Yogurt 12ct,Dairy,Yogurt,1,0,0,0,0.5938,0.4062,ok,
2026-09-22,101,441201,16.0,1.0,17.0,warehouse_1,warehouse_1,Northeast,"Everett, MA",42.402137,-71.069774,Copy Paper 5-Ream,Office,Paper,1,0,0,0,0.9412,0.0588,ok,
2026-09-22,101,118640,20.0,2.0,22.0,warehouse_1,warehouse_1,Northeast,"Everett, MA",42.402137,-71.069774,Sparkling Water 24pk,Grocery,Beverages,1,0,0,0,0.9091,0.0909,ok,
2026-09-22,101,118655,18.0,10.0,28.0,warehouse_1,warehouse_1,Northeast,"Everett, MA",42.402137,-71.069774,Trail Mix Value Pack,Grocery,Snacks,1,0,0,0,0.6429,0.3571,ok,
2026-09-22,101,184230,0.0,20.0,20.0,warehouse_1,warehouse_1,Northeast,"Everett, MA",42.402137,-71.069774,Toilet Paper 30ct,Household,Paper,1,1,1,1,0.0,1.0,phantom+rescue,Floor pull · recount
2026-09-22,101,184240,15.0,4.0,19.0,warehouse_1,warehouse_1,Northeast,"Everett, MA",42.402137,-71.069774,Disinfecting Wipes 3pk,Household,Cleaning,1,0,0,0,0.7895,0.2105,ok,
2026-09-22,101,551910,19.0,12.0,31.0,warehouse_1,warehouse_1,Northeast,"Everett, MA",42.402137,-71.069774,Macaroni Salad Tub,Deli,Sides,1,0,0,0,0.6129,0.3871,ok,
2026-09-22,101,551920,19.0,30.0,49.0,warehouse_1,warehouse_1,Northeast,"Everett, MA",42.402137,-71.069774,Turkey Club Sandwich,Deli,Prepared,1,0,0,0,0.3878,0.6122,ok,
2026-09-22,101,774020,13.0,11.0,24.0,warehouse_1,warehouse_1,Northeast,"Everett, MA",42.402137,-71.069774,HDMI Cable 2-Pack,GM,Electronics,1,0,0,0,0.5417,0.4583,ok,
2026-09-22,101,774030,15.0,4.0,19.0,warehouse_1,warehouse_1,Northeast,"Everett, MA",42.402137,-71.069774,Phone Charger Kit,GM,Electronics,1,0,0,0,0.7895,0.2105,ok,
2026-09-22,101,445890,16.0,13.0,29.0,warehouse_1,warehouse_1,Northeast,"Everett, MA",42.402137,-71.069774,Dryer Sheets 240ct,Household,Laundry,1,0,0,0,0.5517,0.4483,ok,
2026-09-22,101,229050,3.0,20.0,23.0,warehouse_1,warehouse_1,Northeast,"Everett, MA",42.402137,-71.069774,Chicken Breast Tray,Meat,Poultry,1,0,0,0,0.1304,0.8696,ok,
2026-09-22,101,229060,5.0,10.0,15.0,warehouse_1,warehouse_1,Northeast,"Everett, MA",42.402137,-71.069774,Atlantic Salmon 2pk,Meat,Seafood,1,0,0,0,0.3333,0.6667,ok,
2026-09-22,101,667310,6.0,22.0,28.0,warehouse_1,warehouse_1,Northeast,"Everett, MA",42.402137,-71.069774,Baby Wipes Soft Pack,Baby,Wipes,1,0,0,0,0.2143,0.7857,ok,
2026-09-22,101,667320,13.0,12.0,25.0,warehouse_1,warehouse_1,Northeast,"Everett, MA",42.402137,-71.069774,Infant Formula Can,Baby,Formula,1,0,0,0,0.52,0.48,ok,
2026-09-22,101,330120,12.0,8.0,20.0,warehouse_1,warehouse_1,Northeast,"Everett, MA",42.402137,-71.069774,Butter Quarters 4pk,Dairy,Butter,1,0,0,0,0.6,0.4,ok,
2026-09-22,101,441210,19.0,16.0,35.0,warehouse_1,warehouse_1,Northeast,"Everett, MA",42.402137,-71.069774,Ballpoint Pens 60ct,Office,Writing,1,0,0,0,0.5429,0.4571,ok,
2026-09-22,101,441220,16.0,12.0,28.0,warehouse_1,warehouse_1,Northeast,"Everett, MA",42.402137,-71.069774,Sticky Notes Value,Office,Supplies,1,0,0,0,0.5714,0.4286,ok,
2026-09-22,101,990101,13.0,20.0,33.0,warehouse_1,warehouse_1,Northeast,"Everett, MA",42.402137,-71.069774,Bananas Club Bunch,Produce,Fruit,1,0,0,0,0.3939,0.6061,ok,
2026-09-22,101,990110,14.0,15.0,29.0,warehouse_1,warehouse_1,Northeast,"Everett, MA",42.402137,-71.069774,Bag Bag 5lb,Produce,Fruit,1,0,0,0,0.4828,0.5172,ok,
2026-09-22,101,990120,14.0,21.0,35.0,warehouse_1,warehouse_1,Northeast,"Everett, MA",42.402137,-71.069774,Romaine Hearts 3pk,Produce,Veg,1,0,0,0,0.4,0.6,ok,
2026-09-22,101,118670,8.0,25.0,33.0,warehouse_1,warehouse_1,Northeast,"Everett, MA",42.402137,-71.069774,Pasta Sauce Twin Pack,Grocery,Pantry,1,0,0,0,0.2424,0.7576,ok,
2026-09-22,101,118680,14.0,28.0,42.0,warehouse_1,warehouse_1,Northeast,"Everett, MA",42.402137,-71.069774,Olive Oil 2L,Grocery,Pantry,1,0,0,0,0.3333,0.6667,ok,
2026-09-22,101,184250,14.0,5.0,19.0,warehouse_1,warehouse_1,Northeast,"Everett, MA",42.402137,-71.069774,Trash Bags 100ct,Household,Cleaning,1,0,0,0,0.7368,0.2632,ok,
2026-09-22,101,774040,20.0,26.0,46.0,warehouse_1,warehouse_1,Northeast,"Everett, MA",42.402137,-71.069774,LED Bulbs 8pk,GM,Home,1,0,0,0,0.4348,0.5652,ok,
2026-09-22,101,551930,7.0,21.0,28.0,warehouse_1,warehouse_1,Northeast,"Everett, MA",42.402137,-71.069774,Potato Salad Tub,Deli,Sides,1,0,0,0,0.25,0.75,ok,
2026-09-22,101,229070,16.0,14.0,30.0,warehouse_1,warehouse_1,Northeast,"Everett, MA",42.402137,-71.069774,Salmon Fillet Pack,Meat,Seafood,1,0,0,0,0.5333,0.4667,ok,
2026-09-22,101,330130,10.0,10.0,20.0,warehouse_1,warehouse_1,Northeast,"Everett, MA",42.402137,-71.069774,Shredded Cheese 2lb,Dairy,Cheese,1,0,0,0,0.5,0.5,ok,
2026-09-22,101,667330,15.0,21.0,36.0,warehouse_1,warehouse_1,Northeast,"Everett, MA",42.402137,-71.069774,Toddler Snacks Box,Baby,Food,1,0,0,0,0.4167,0.5833,ok,
2026-09-22,101,441230,15.0,5.0,20.0,warehouse_1,warehouse_1,Northeast,"Everett, MA",42.402137,-71.069774,Binder Clips Assort,Office,Supplies,1,0,0,0,0.75,0.25,ok,
2026-09-22,101,990130,13.0,10.0,23.0,warehouse_1,warehouse_1,Northeast,"Everett, MA",42.402137,-71.069774,Blueberries Pint,Produce,Fruit,1,0,0,0,0.5652,0.4348,ok,
2026-09-22,101,118690,13.0,17.0,30.0,warehouse_1,warehouse_1,Northeast,"Everett, MA",42.402137,-71.069774,Coffee Pods 100ct,Grocery,Beverages,1,0,0,0,0.4333,0.5667,ok,
2026-09-22,102,118634,10.0,24.0,34.0,warehouse_2,warehouse_2,Northeast,"Dedham, MA",42.231627,-71.176682,Bottled Water 40pk,Grocery,Beverages,1,0,0,0,0.2941,0.7059,ok,
2026-09-22,102,184220,20.0,7.0,27.0,warehouse_2,warehouse_2,Northeast,"Dedham, MA",42.231627,-71.176682,Paper Towels 12pk,Household,Paper,1,0,0,0,0.7407,0.2593,ok,
2026-09-22,102,551902,20.0,10.0,30.0,warehouse_2,warehouse_2,Northeast,"Dedham, MA",42.231627,-71.176682,Rotisserie Chicken,Deli,Prepared,1,0,0,0,0.6667,0.3333,ok,
2026-09-22,102,774015,12.0,4.0,16.0,warehouse_2,warehouse_2,Northeast,"Dedham, MA",42.231627,-71.176682,AA Batteries 48ct,GM,Electronics,1,0,0,0,0.75,0.25,ok,
2026-09-22,102,445880,19.0,18.0,37.0,warehouse_2,warehouse_2,Northeast,"Dedham, MA",42.231627,-71.176682,Laundry Detergent 2pk,Household,Laundry,1,0,0,0,0.5135,0.4865,ok,
2026-09-22,102,229045,7.0,10.0,17.0,warehouse_2,warehouse_2,Northeast,"Dedham, MA",42.231627,-71.176682,Chicken Breast Family Pack,Meat,Chicken,1,0,0,0,0.4118,0.5882,ok,
2026-09-22,102,667301,9.0,2.0,11.0,warehouse_2,warehouse_2,Northeast,"Dedham, MA",42.231627,-71.176682,Diapers Size 4,Baby,Diapers,1,0,0,0,0.8182,0.1818,ok,
2026-09-22,102,330112,6.0,26.0,32.0,warehouse_2,warehouse_2,Northeast,"Dedham, MA",42.231627,-71.176682,Whole Milk Gallon,Dairy,Milk,1,0,0,0,0.1875,0.8125,ok,
2026-09-22,102,330118,5.0,17.0,22.0,warehouse_2,warehouse_2,Northeast,"Dedham, MA",42.231627,-71.176682,Greek Yogurt 12ct,Dairy,Yogurt,1,0,0,0,0.2273,0.7727,ok,
2026-09-22,102,441201,17.0,28.0,45.0,warehouse_2,warehouse_2,Northeast,"Dedham, MA",42.231627,-71.176682,Copy Paper 5-Ream,Office,Paper,1,0,0,0,0.3778,0.6222,ok,
2026-09-22,102,118640,17.0,4.0,21.0,warehouse_2,warehouse_2,Northeast,"Dedham, MA",42.231627,-71.176682,Sparkling Water 24pk,Grocery,Beverages,1,0,0,0,0.8095,0.1905,ok,
2026-09-22,102,118655,4.0,26.0,30.0,warehouse_2,warehouse_2,Northeast,"Dedham, MA",42.231627,-71.176682,Trail Mix Value Pack,Grocery,Snacks,1,0,0,0,0.1333,0.8667,ok,
2026-09-22,102,184230,21.0,16.0,37.0,warehouse_2,warehouse_2,Northeast,"Dedham, MA",42.231627,-71.176682,Toilet Paper 30ct,Household,Paper,1,0,0,0,0.5676,0.4324,ok,
2026-09-22,102,184240,22.0,22.0,44.0,warehouse_2,warehouse_2,Northeast,"Dedham, MA",42.231627,-71.176682,Disinfecting Wipes 3pk,Household,Cleaning,1,0,0,0,0.5,0.5,ok,
2026-09-22,102,551910,8.0,7.0,15.0,warehouse_2,warehouse_2,Northeast,"Dedham, MA",42.231627,-71.176682,Macaroni Salad Tub,Deli,Sides,1,0,0,0,0.5333,0.4667,ok,
2026-09-22,102,551920,8.0,18.0,26.0,warehouse_2,warehouse_2,Northeast,"Dedham, MA",42.231627,-71.176682,Turkey Club Sandwich,Deli,Prepared,1,0,0,0,0.3077,0.6923,ok,
2026-09-22,102,774020,17.0,25.0,42.0,warehouse_2,warehouse_2,Northeast,"Dedham, MA",42.231627,-71.176682,HDMI Cable 2-Pack,GM,Electronics,1,0,0,0,0.4048,0.5952,ok,
2026-09-22,102,774030,19.0,27.0,46.0,warehouse_2,warehouse_2,Northeast,"Dedham, MA",42.231627,-71.176682,Phone Charger Kit,GM,Electronics,1,0,0,0,0.413,0.587,ok,
2026-09-22,102,445890,18.0,1.0,19.0,warehouse_2,warehouse_2,Northeast,"Dedham, MA",42.231627,-71.176682,Dryer Sheets 240ct,Household,Laundry,1,0,0,0,0.9474,0.0526,ok,
2026-09-22,102,229050,16.0,10.0,26.0,warehouse_2,warehouse_2,Northeast,"Dedham, MA",42.231627,-71.176682,Chicken Breast Tray,Meat,Poultry,1,0,0,0,0.6154,0.3846,ok,
2026-09-22,102,229060,12.0,11.0,23.0,warehouse_2,warehouse_2,Northeast,"Dedham, MA",42.231627,-71.176682,Atlantic Salmon 2pk,Meat,Seafood,1,0,0,0,0.5217,0.4783,ok,
2026-09-22,102,667310,5.0,21.0,26.0,warehouse_2,warehouse_2,Northeast,"Dedham, MA",42.231627,-71.176682,Baby Wipes Soft Pack,Baby,Wipes,1,0,0,0,0.1923,0.8077,ok,
2026-09-22,102,667320,0.0,24.0,59.0,warehouse_2,warehouse_2,Northeast,"Dedham, MA",42.231627,-71.176682,Infant Formula Can,Baby,Formula,1,1,1,1,0.0,1.0,phantom+rescue,Floor pull · recount
2026-09-22,102,330120,17.0,20.0,37.0,warehouse_2,warehouse_2,Northeast,"Dedham, MA",42.231627,-71.176682,Butter Quarters 4pk,Dairy,Butter,1,0,0,0,0.4595,0.5405,ok,
2026-09-22,102,441210,10.0,28.0,38.0,warehouse_2,warehouse_2,Northeast,"Dedham, MA",42.231627,-71.176682,Ballpoint Pens 60ct,Office,Writing,1,0,0,0,0.2632,0.7368,ok,
2026-09-22,102,441220,0.0,0.0,0.0,warehouse_2,warehouse_2,Northeast,"Dedham, MA",42.231627,-71.176682,Sticky Notes Value,Office,Supplies,1,1,0,0,,,true_out,Replenish / order
2026-09-22,102,990101,14.0,7.0,21.0,warehouse_2,warehouse_2,Northeast,"Dedham, MA",42.231627,-71.176682,Bananas Club Bunch,Produce,Fruit,1,0,0,0,0.6667,0.3333,ok,
2026-09-22,102,990110,9.0,6.0,15.0,warehouse_2,warehouse_2,Northeast,"Dedham, MA",42.231627,-71.176682,Bag Bag 5lb,Produce,Fruit,1,0,0,0,0.6,0.4,ok,
2026-09-22,102,990120,9.0,29.0,38.0,warehouse_2,warehouse_2,Northeast,"Dedham, MA",42.231627,-71.176682,Romaine Hearts 3pk,Produce,Veg,1,0,0,0,0.2368,0.7632,ok,
2026-09-22,102,118670,21.0,7.0,28.0,warehouse_2,warehouse_2,Northeast,"Dedham, MA",42.231627,-71.176682,Pasta Sauce Twin Pack,Grocery,Pantry,1,0,0,0,0.75,0.25,ok,
2026-09-22,102,118680,12.0,29.0,41.0,warehouse_2,warehouse_2,Northeast,"Dedham, MA",42.231627,-71.176682,Olive Oil 2L,Grocery,Pantry,1,0,0,0,0.2927,0.7073,ok,
2026-09-22,102,184250,8.0,11.0,19.0,warehouse_2,warehouse_2,Northeast,"Dedham, MA",42.231627,-71.176682,Trash Bags 100ct,Household,Cleaning,1,0,0,0,0.4211,0.5789,ok,
2026-09-22,102,774040,18.0,14.0,32.0,warehouse_2,warehouse_2,Northeast,"Dedham, MA",42.231627,-71.176682,LED Bulbs 8pk,GM,Home,1,0,0,0,0.5625,0.4375,ok,
2026-09-22,102,551930,0.0,0.0,0.0,warehouse_2,warehouse_2,Northeast,"Dedham, MA",42.231627,-71.176682,Potato Salad Tub,Deli,Sides,1,1,0,0,,,true_out,Replenish / order
2026-09-22,102,229070,5.0,15.0,20.0,warehouse_2,warehouse_2,Northeast,"Dedham, MA",42.231627,-71.176682,Salmon Fillet Pack,Meat,Seafood,1,0,0,0,0.25,0.75,ok,
2026-09-22,102,330130,21.0,23.0,44.0,warehouse_2,warehouse_2,Northeast,"Dedham, MA",42.231627,-71.176682,Shredded Cheese 2lb,Dairy,Cheese,1,0,0,0,0.4773,0.5227,ok,
2026-09-22,102,667330,0.0,0.0,12.0,warehouse_2,warehouse_2,Northeast,"Dedham, MA",42.231627,-71.176682,Toddler Snacks Box,Baby,Food,1,1,1,0,,,phantom,Recount / system fix
2026-09-22,102,441230,13.0,11.0,24.0,warehouse_2,warehouse_2,Northeast,"Dedham, MA",42.231627,-71.176682,Binder Clips Assort,Office,Supplies,1,0,0,0,0.5417,0.4583,ok,
2026-09-22,102,990130,9.0,0.0,9.0,warehouse_2,warehouse_2,Northeast,"Dedham, MA",42.231627,-71.176682,Blueberries Pint,Produce,Fruit,1,0,0,0,1.0,0.0,ok,
2026-09-22,102,118690,20.0,16.0,36.0,warehouse_2,warehouse_2,Northeast,"Dedham, MA",42.231627,-71.176682,Coffee Pods 100ct,Grocery,Beverages,1,0,0,0,0.5556,0.4444,ok,
2026-09-22,103,118634,7.0,12.0,19.0,warehouse_3,warehouse_3,Northeast,"Waltham, MA",42.39436,-71.265464,Bottled Water 40pk,Grocery,Beverages,1,0,0,0,0.3684,0.6316,ok,
2026-09-22,103,184220,12.0,21.0,33.0,warehouse_3,warehouse_3,Northeast,"Waltham, MA",42.39436,-71.265464,Paper Towels 12pk,Household,Paper,1,0,0,0,0.3636,0.6364,ok,
2026-09-22,103,551902,16.0,24.0,40.0,warehouse_3,warehouse_3,Northeast,"Waltham, MA",42.39436,-71.265464,Rotisserie Chicken,Deli,Prepared,1,0,0,0,0.4,0.6,ok,
2026-09-22,103,774015,11.0,2.0,13.0,warehouse_3,warehouse_3,Northeast,"Waltham, MA",42.39436,-71.265464,AA Batteries 48ct,GM,Electronics,1,0,0,0,0.8462,0.1538,ok,
2026-09-22,103,445880,13.0,3.0,16.0,warehouse_3,warehouse_3,Northeast,"Waltham, MA",42.39436,-71.265464,Laundry Detergent 2pk,Household,Laundry,1,0,0,0,0.8125,0.1875,ok,
2026-09-22,103,229045,11.0,28.0,39.0,warehouse_3,warehouse_3,Northeast,"Waltham, MA",42.39436,-71.265464,Chicken Breast Family Pack,Meat,Chicken,1,0,0,0,0.2821,0.7179,ok,
2026-09-22,103,667301,0.0,24.0,37.0,warehouse_3,warehouse_3,Northeast,"Waltham, MA",42.39436,-71.265464,Diapers Size 4,Baby,Diapers,1,1,1,1,0.0,1.0,phantom+rescue,Floor pull · recount
2026-09-22,103,330112,4.0,12.0,16.0,warehouse_3,warehouse_3,Northeast,"Waltham, MA",42.39436,-71.265464,Whole Milk Gallon,Dairy,Milk,1,0,0,0,0.25,0.75,ok,
2026-09-22,103,330118,19.0,24.0,43.0,warehouse_3,warehouse_3,Northeast,"Waltham, MA",42.39436,-71.265464,Greek Yogurt 12ct,Dairy,Yogurt,1,0,0,0,0.4419,0.5581,ok,
2026-09-22,103,441201,15.0,11.0,26.0,warehouse_3,warehouse_3,Northeast,"Waltham, MA",42.39436,-71.265464,Copy Paper 5-Ream,Office,Paper,1,0,0,0,0.5769,0.4231,ok,
2026-09-22,103,118640,17.0,19.0,36.0,warehouse_3,warehouse_3,Northeast,"Waltham, MA",42.39436,-71.265464,Sparkling Water 24pk,Grocery,Beverages,1,0,0,0,0.4722,0.5278,ok,
2026-09-22,103,118655,20.0,20.0,40.0,warehouse_3,warehouse_3,Northeast,"Waltham, MA",42.39436,-71.265464,Trail Mix Value Pack,Grocery,Snacks,1,0,0,0,0.5,0.5,ok,
2026-09-22,103,184230,7.0,0.0,7.0,warehouse_3,warehouse_3,Northeast,"Waltham, MA",42.39436,-71.265464,Toilet Paper 30ct,Household,Paper,1,0,0,0,1.0,0.0,ok,
2026-09-22,103,184240,8.0,29.0,37.0,warehouse_3,warehouse_3,Northeast,"Waltham, MA",42.39436,-71.265464,Disinfecting Wipes 3pk,Household,Cleaning,1,0,0,0,0.2162,0.7838,ok,
2026-09-22,103,551910,4.0,22.0,26.0,warehouse_3,warehouse_3,Northeast,"Waltham, MA",42.39436,-71.265464,Macaroni Salad Tub,Deli,Sides,1,0,0,0,0.1538,0.8462,ok,
2026-09-22,103,551920,8.0,5.0,13.0,warehouse_3,warehouse_3,Northeast,"Waltham, MA",42.39436,-71.265464,Turkey Club Sandwich,Deli,Prepared,1,0,0,0,0.6154,0.3846,ok,
2026-09-22,103,774020,15.0,2.0,17.0,warehouse_3,warehouse_3,Northeast,"Waltham, MA",42.39436,-71.265464,HDMI Cable 2-Pack,GM,Electronics,1,0,0,0,0.8824,0.1176,ok,
2026-09-22,103,774030,20.0,2.0,22.0,warehouse_3,warehouse_3,Northeast,"Waltham, MA",42.39436,-71.265464,Phone Charger Kit,GM,Electronics,1,0,0,0,0.9091,0.0909,ok,
2026-09-22,103,445890,0.0,0.0,20.0,warehouse_3,warehouse_3,Northeast,"Waltham, MA",42.39436,-71.265464,Dryer Sheets 240ct,Household,Laundry,1,1,1,0,,,phantom,Recount / system fix
2026-09-22,103,229050,18.0,6.0,24.0,warehouse_3,warehouse_3,Northeast,"Waltham, MA",42.39436,-71.265464,Chicken Breast Tray,Meat,Poultry,1,0,0,0,0.75,0.25,ok,
2026-09-22,103,229060,0.0,16.0,30.0,warehouse_3,warehouse_3,Northeast,"Waltham, MA",42.39436,-71.265464,Atlantic Salmon 2pk,Meat,Seafood,1,1,1,1,0.0,1.0,phantom+rescue,Floor pull · recount
2026-09-22,103,667310,15.0,25.0,40.0,warehouse_3,warehouse_3,Northeast,"Waltham, MA",42.39436,-71.265464,Baby Wipes Soft Pack,Baby,Wipes,1,0,0,0,0.375,0.625,ok,
2026-09-22,103,667320,3.0,8.0,11.0,warehouse_3,warehouse_3,Northeast,"Waltham, MA",42.39436,-71.265464,Infant Formula Can,Baby,Formula,1,0,0,0,0.2727,0.7273,ok,
2026-09-22,103,330120,14.0,5.0,19.0,warehouse_3,warehouse_3,Northeast,"Waltham, MA",42.39436,-71.265464,Butter Quarters 4pk,Dairy,Butter,1,0,0,0,0.7368,0.2632,ok,
2026-09-22,103,441210,9.0,22.0,31.0,warehouse_3,warehouse_3,Northeast,"Waltham, MA",42.39436,-71.265464,Ballpoint Pens 60ct,Office,Writing,1,0,0,0,0.2903,0.7097,ok,
2026-09-22,103,441220,18.0,21.0,39.0,warehouse_3,warehouse_3,Northeast,"Waltham, MA",42.39436,-71.265464,Sticky Notes Value,Office,Supplies,1,0,0,0,0.4615,0.5385,ok,
2026-09-22,103,990101,19.0,5.0,24.0,warehouse_3,warehouse_3,Northeast,"Waltham, MA",42.39436,-71.265464,Bananas Club Bunch,Produce,Fruit,1,0,0,0,0.7917,0.2083,ok,
2026-09-22,103,990110,21.0,24.0,45.0,warehouse_3,warehouse_3,Northeast,"Waltham, MA",42.39436,-71.265464,Bag Bag 5lb,Produce,Fruit,1,0,0,0,0.4667,0.5333,ok,
2026-09-22,103,990120,12.0,13.0,25.0,warehouse_3,warehouse_3,Northeast,"Waltham, MA",42.39436,-71.265464,Romaine Hearts 3pk,Produce,Veg,1,0,0,0,0.48,0.52,ok,
2026-09-22,103,118670,10.0,11.0,21.0,warehouse_3,warehouse_3,Northeast,"Waltham, MA",42.39436,-71.265464,Pasta Sauce Twin Pack,Grocery,Pantry,1,0,0,0,0.4762,0.5238,ok,
2026-09-22,103,118680,7.0,4.0,11.0,warehouse_3,warehouse_3,Northeast,"Waltham, MA",42.39436,-71.265464,Olive Oil 2L,Grocery,Pantry,1,0,0,0,0.6364,0.3636,ok,
2026-09-22,103,184250,16.0,26.0,42.0,warehouse_3,warehouse_3,Northeast,"Waltham, MA",42.39436,-71.265464,Trash Bags 100ct,Household,Cleaning,1,0,0,0,0.381,0.619,ok,
2026-09-22,103,774040,7.0,20.0,27.0,warehouse_3,warehouse_3,Northeast,"Waltham, MA",42.39436,-71.265464,LED Bulbs 8pk,GM,Home,1,0,0,0,0.2593,0.7407,ok,
2026-09-22,103,551930,18.0,4.0,22.0,warehouse_3,warehouse_3,Northeast,"Waltham, MA",42.39436,-71.265464,Potato Salad Tub,Deli,Sides,1,0,0,0,0.8182,0.1818,ok,
2026-09-22,103,229070,8.0,28.0,36.0,warehouse_3,warehouse_3,Northeast,"Waltham, MA",42.39436,-71.265464,Salmon Fillet Pack,Meat,Seafood,1,0,0,0,0.2222,0.7778,ok,
2026-09-22,103,330130,10.0,30.0,40.0,warehouse_3,warehouse_3,Northeast,"Waltham, MA",42.39436,-71.265464,Shredded Cheese 2lb,Dairy,Cheese,1,0,0,0,0.25,0.75,ok,
2026-09-22,103,667330,10.0,21.0,31.0,warehouse_3,warehouse_3,Northeast,"Waltham, MA",42.39436,-71.265464,Toddler Snacks Box,Baby,Food,1,0,0,0,0.3226,0.6774,ok,
2026-09-22,103,441230,5.0,24.0,29.0,warehouse_3,warehouse_3,Northeast,"Waltham, MA",42.39436,-71.265464,Binder Clips Assort,Office,Supplies,1,0,0,0,0.1724,0.8276,ok,
2026-09-22,103,990130,22.0,5.0,27.0,warehouse_3,warehouse_3,Northeast,"Waltham, MA",42.39436,-71.265464,Blueberries Pint,Produce,Fruit,1,0,0,0,0.8148,0.1852,ok,
2026-09-22,103,118690,22.0,27.0,49.0,warehouse_3,warehouse_3,Northeast,"Waltham, MA",42.39436,-71.265464,Coffee Pods 100ct,Grocery,Beverages,1,0,0,0,0.449,0.551,ok,
